type,K,T,T_days,expiry,bid,ask,V_market,volume,open_interest,iv,S0,r,V_model,mispricing,mispricing_pct,abs_mispricing
put,910.0,0.3671232876712328,134,2026-12-18,242.52,247.5,245.01,1,0,0.8364731929016112,775.6300048828125,0.043,123.21723420988849,121.7927657901115,49.70930402437105,121.7927657901115
put,850.0,0.2904109589041095,106,2026-11-20,109.23,112.51,110.87,19,0,0.3927749321746826,775.6300048828125,0.043,71.66053959610292,39.20946040389708,35.365256971134734,39.20946040389708
put,930.0,0.3671232876712328,134,2026-12-18,176.39,179.69,178.04,1,0,0.3870300555419921,775.6300048828125,0.043,141.7331159735612,36.30688402643878,20.392543263558068,36.30688402643878
put,865.0,0.2904109589041095,106,2026-11-20,118.14,118.14,118.14,1,0,1.0000000000000004e-05,775.6300048828125,0.043,84.15071891073194,33.98928108926806,28.7703411962655,33.98928108926806
put,895.0,0.1945205479452054,71,2026-10-16,145.67,145.67,145.67,2,0,1.0000000000000004e-05,775.6300048828125,0.043,112.78492826982529,32.8850717301747,22.57504752534819,32.8850717301747
put,860.0,0.3671232876712328,134,2026-12-18,106.48,109.73,108.105,1,0,0.2925256905364989,775.6300048828125,0.043,79.97619721164494,28.12880278835506,26.019890651084648,28.12880278835506
put,825.0,0.3671232876712328,134,2026-12-18,81.68,81.68,81.68,2,0,1.0000000000000004e-05,775.6300048828125,0.043,53.87710629912215,27.80289370087786,34.03880227825399,27.80289370087786
put,840.0,0.3671232876712328,134,2026-12-18,88.26,91.55,89.905,4,0,0.2717281690216064,775.6300048828125,0.043,64.52649673275619,25.378503267243815,28.22813332656005,25.378503267243815
put,830.0,0.1945205479452054,71,2026-10-16,73.5,73.5,73.5,6,0,1.0000000000000004e-05,775.6300048828125,0.043,54.67431120425579,18.825688795744213,25.61318203502614,18.825688795744213
put,820.0,0.1945205479452054,71,2026-10-16,63.79,67.3,65.545,1,0,0.2916178016662596,775.6300048828125,0.043,47.00134339321653,18.543656606783472,28.291489216238418,18.543656606783472
put,820.0,0.2904109589041095,106,2026-11-20,63.95,67.46,65.705,2,0,0.240592921295166,775.6300048828125,0.043,49.08806536953625,16.616934630463746,25.290213272146328,16.616934630463746
put,900.0,0.3671232876712328,134,2026-12-18,121.93,125.04,123.485,2,0,0.129342202758789,775.6300048828125,0.043,114.16696192570589,9.318038074294108,7.545886605088965,9.318038074294108
put,685.0,0.3671232876712328,134,2026-12-18,8.33,8.39,8.36,1,5946,0.2114794429016113,775.6300048828125,0.043,2.9258589024262776,5.434141097573722,65.0016877700206,5.434141097573722
put,690.0,0.3671232876712328,134,2026-12-18,8.82,8.88,8.850000000000001,3,9642,0.207466421508789,775.6300048828125,0.043,3.4202582558375667,5.429741744162435,61.35301405833259,5.429741744162435
put,680.0,0.3671232876712328,134,2026-12-18,7.85,7.92,7.885,4,11295,0.2154009124755859,775.6300048828125,0.043,2.490371600122664,5.394628399877336,68.41633988430355,5.394628399877336
put,675.0,0.3671232876712328,134,2026-12-18,7.44,7.5,7.470000000000001,104,8106,0.2195207443237304,775.6300048828125,0.043,2.1087741124826707,5.36122588751733,71.77009220237389,5.36122588751733
put,670.0,0.3671232876712328,134,2026-12-18,7.07,7.13,7.1,6,13876,0.223869455718994,775.6300048828125,0.043,1.7761865688085337,5.323813431191466,74.98328776326008,5.323813431191466
put,695.0,0.3671232876712328,134,2026-12-18,9.26,9.32,9.29,208,10761,0.2027515028381347,775.6300048828125,0.043,3.9786943621038375,5.311305637896162,57.172288890163216,5.311305637896162
put,665.0,0.3671232876712328,134,2026-12-18,6.69,6.75,6.720000000000001,3,8247,0.227897735748291,775.6300048828125,0.043,1.4879070653832898,5.232092934616711,77.85852581274867,5.232092934616711
put,700.0,0.3671232876712328,134,2026-12-18,9.8,9.86,9.83,905,22279,0.1985858950805664,775.6300048828125,0.043,4.606350776862641,5.223649223137359,53.13987002174323,5.223649223137359
put,660.0,0.3671232876712328,134,2026-12-18,6.34,6.4,6.37,12,131102,0.2320023089599609,775.6300048828125,0.043,1.2394425036527785,5.130557496347222,80.54250386730331,5.130557496347222
put,705.0,0.3671232876712328,134,2026-12-18,10.39,10.46,10.425,21,2760,0.1946033909606933,775.6300048828125,0.043,5.3084232855240145,5.116576714475986,49.07987256092073,5.116576714475986
put,655.0,0.3671232876712328,134,2026-12-18,6.01,6.07,6.04,36,5053,0.2360916235351562,775.6300048828125,0.043,1.0265343358223618,5.013465664177638,83.00439841353706,5.013465664177638
put,710.0,0.3671232876712328,134,2026-12-18,10.98,11.05,11.015,390,16291,0.1902089036560059,775.6300048828125,0.043,6.090071056450753,4.924928943549247,44.71111160734677,4.924928943549247
put,650.0,0.3671232876712328,134,2026-12-18,5.73,5.78,5.755000000000001,1,11622,0.2404555935668945,775.6300048828125,0.043,0.8451790277318452,4.909820972268156,85.31400473098445,4.909820972268156
put,645.0,0.3671232876712328,134,2026-12-18,5.42,5.47,5.445,112,8271,0.2443465458679199,775.6300048828125,0.043,0.6916431883930265,4.753356811606974,87.29764575954037,4.753356811606974
put,715.0,0.3671232876712328,134,2026-12-18,11.64,11.71,11.675,1,5144,0.1860127786254882,775.6300048828125,0.043,6.956366431705646,4.718633568294354,40.416561612799605,4.718633568294354
call,840.0,0.3671232876712328,134,2026-12-18,8.59,8.65,8.620000000000001,2,5668,0.1559227474975585,775.6300048828125,0.043,13.312876297493517,-4.692876297493516,-54.44172038855587,4.692876297493516
put,640.0,0.3671232876712328,134,2026-12-18,5.17,5.22,5.195,56,11071,0.2487868090820312,775.6300048828125,0.043,0.5624734503396489,4.632526549660351,89.17279210125795,4.632526549660351
call,835.0,0.3671232876712328,134,2026-12-18,9.97,10.04,10.005,1,8732,0.1586998193359375,775.6300048828125,0.043,14.588653176255718,-4.5836531762557176,-45.81362495008213,4.5836531762557176
call,830.0,0.3671232876712328,134,2026-12-18,11.35,11.42,11.385,3,10878,0.1605766316223144,775.6300048828125,0.043,15.959241894525377,-4.574241894525377,-40.17779441831688,4.574241894525377
call,825.0,0.3671232876712328,134,2026-12-18,12.86,12.95,12.905,101,13345,0.1626518061828613,775.6300048828125,0.043,17.428550601682332,-4.523550601682333,-35.05269741714322,4.523550601682333
put,720.0,0.3671232876712328,134,2026-12-18,12.39,12.46,12.425,3,5245,0.1820913090515136,775.6300048828125,0.043,7.912244262079298,4.512755737920703,36.31996569755093,4.512755737920703
call,820.0,0.3671232876712328,134,2026-12-18,14.48,14.56,14.52,9,13083,0.1644828425598144,775.6300048828125,0.043,19.000318315325558,-4.480318315325558,-30.85618674466638,4.480318315325558
put,690.0,0.2904109589041095,106,2026-11-20,6.77,6.82,6.795,1,5827,0.211998236541748,775.6300048828125,0.043,2.3242518334653255,4.470748166534674,65.79467500418947,4.470748166534674
put,685.0,0.2904109589041095,106,2026-11-20,6.37,6.43,6.4,54,5744,0.2166521206665039,775.6300048828125,0.043,1.9355842970630874,4.464415702936913,69.75649535838926,4.464415702936913
put,635.0,0.3671232876712328,134,2026-12-18,4.89,4.94,4.915,26,5468,0.2526625027465821,775.6300048828125,0.043,0.45450131037512875,4.460498689624871,90.75277089775933,4.460498689624871
put,695.0,0.2904109589041095,106,2026-11-20,7.18,7.25,7.215,152,1519,0.2074359042358398,775.6300048828125,0.043,2.773822581591048,4.441177418408952,61.554780573928646,4.441177418408952
call,845.0,0.3671232876712328,134,2026-12-18,7.67,7.74,7.705,1,4259,0.1558464543151855,775.6300048828125,0.043,12.127870628023686,-4.422870628023686,-57.40260386792584,4.422870628023686
put,680.0,0.2904109589041095,106,2026-11-20,5.99,6.05,6.02,5,1911,0.2211229011535644,775.6300048828125,0.043,1.6017266779265356,4.418273322073464,73.39324455271536,4.418273322073464
put,700.0,0.2904109589041095,106,2026-11-20,7.65,7.72,7.685,23,19146,0.2029498651123046,775.6300048828125,0.043,3.290592175657082,4.394407824342918,57.18162425950446,4.394407824342918
call,815.0,0.3671232876712328,134,2026-12-18,16.29,16.35,16.32,2,11778,0.166649568939209,775.6300048828125,0.043,20.67807765853871,-4.358077658538711,-26.703907221438183,4.358077658538711
put,630.0,0.3671232876712328,134,2026-12-18,4.66,4.71,4.6850000000000005,56,12899,0.2569959555053711,775.6300048828125,0.043,0.36484325234834003,4.3201567476516605,92.21252396268218,4.3201567476516605
put,675.0,0.2904109589041095,106,2026-11-20,5.59,5.65,5.62,1,2565,0.2250291120910644,775.6300048828125,0.043,1.3168417293565824,4.303158270643418,76.56865250255191,4.303158270643418
put,705.0,0.2904109589041095,106,2026-11-20,8.13,8.2,8.165,1,2976,0.1981891705322265,775.6300048828125,0.043,3.8809972646832023,4.284002735316797,52.46788408226328,4.284002735316797
call,810.0,0.2904109589041095,106,2026-11-20,13.79,13.87,13.829999999999998,3085,7500,0.1611106838989258,775.6300048828125,0.043,18.112935161823543,-4.282935161823545,-30.9684393479649,4.282935161823545
put,855.0,0.3671232876712328,134,2026-12-18,79.0,81.49,80.245,1,0,0.1156857231140136,775.6300048828125,0.043,75.99224515110893,4.2527548488910725,5.299713189471085,4.2527548488910725
call,850.0,0.3671232876712328,134,2026-12-18,6.77,6.84,6.805,27,12120,0.1552055915832519,775.6300048828125,0.043,11.02949863421378,-4.224498634213781,-62.07933334627158,4.224498634213781
put,670.0,0.2904109589041095,106,2026-11-20,5.27,5.32,5.295,3,2968,0.2294693753051758,775.6300048828125,0.043,1.0753935495860816,4.219606450413918,79.69039566409667,4.219606450413918
put,725.0,0.3671232876712328,134,2026-12-18,13.14,13.22,13.18,265,2741,0.1778646667480468,775.6300048828125,0.043,8.962451714327273,4.217548285672727,31.99960763029383,4.217548285672727
call,810.0,0.3671232876712328,134,2026-12-18,18.26,18.33,18.295,3,8551,0.1691977612304687,775.6300048828125,0.043,22.465117499091946,-4.170117499091944,-22.793755119387505,4.170117499091944
put,625.0,0.3671232876712328,134,2026-12-18,4.42,4.47,4.445,800,24104,0.2610242355346679,775.6300048828125,0.043,0.29089656887476245,4.154103431125238,93.45564524466226,4.154103431125238
put,710.0,0.2904109589041095,106,2026-11-20,8.65,8.72,8.685,3,2502,0.1934589932250977,775.6300048828125,0.043,4.551547637477498,4.133452362522503,47.593003598416836,4.133452362522503
call,690.0,0.3671232876712328,134,2026-12-18,102.37,105.57,103.97,11,3520,0.2910990080261229,775.6300048828125,0.043,99.85728519880263,4.11271480119737,3.955674522648235,4.11271480119737
put,665.0,0.2904109589041095,106,2026-11-20,4.95,5.0,4.975,79,511,0.2337417935180664,775.6300048828125,0.043,0.8721839646346083,4.102816035365391,82.46866402744506,4.102816035365391
call,855.0,0.3671232876712328,134,2026-12-18,5.88,5.95,5.915,88,3710,0.1539391247558593,775.6300048828125,0.043,10.013559978023494,-4.098559978023494,-69.29095482710895,4.098559978023494
call,685.0,0.3671232876712328,134,2026-12-18,106.74,109.94,108.34,4,2877,0.2965463412475585,775.6300048828125,0.043,104.28457409133227,4.055425908667729,3.74323971632613,4.055425908667729
call,680.0,0.3671232876712328,134,2026-12-18,111.21,114.41,112.81,8,4771,0.3025429853820801,775.6300048828125,0.043,108.77077503496946,4.039224965030542,3.5805557707920768,4.039224965030542
call,820.0,0.2904109589041095,106,2026-11-20,10.83,10.9,10.865,1,1217,0.1593406820678711,775.6300048828125,0.043,14.89428978011128,-4.029289780111279,-37.08504169453547,4.029289780111279
put,660.0,0.2904109589041095,106,2026-11-20,4.69,4.74,4.715,7,10585,0.2385330053710937,775.6300048828125,0.043,0.7023797883300738,4.012620211669926,85.10329186998783,4.012620211669926
call,825.0,0.2904109589041095,106,2026-11-20,9.44,9.48,9.46,3,3835,0.1575554216003418,775.6300048828125,0.043,13.459927536401835,-3.9999275364018345,-42.28253209727097,3.9999275364018345
call,805.0,0.3671232876712328,134,2026-12-18,20.33,20.43,20.38,15,11274,0.1716925482940674,775.6300048828125,0.043,24.364446049480705,-3.984446049480706,-19.550765699120245,3.984446049480706
put,715.0,0.2904109589041095,106,2026-11-20,9.25,9.32,9.285,6,6980,0.1890339886474609,775.6300048828125,0.043,5.308753107998655,3.9762468920013454,42.824414561134574,3.9762468920013454
call,840.0,0.2904109589041095,106,2026-11-20,5.79,5.86,5.825,342,508,0.151101018371582,775.6300048828125,0.043,9.79821276924406,-3.9732127692440597,-68.20966127457612,3.9732127692440597
call,830.0,0.2904109589041095,106,2026-11-20,8.14,8.2,8.17,3,1421,0.1558464543151855,775.6300048828125,0.043,12.135865333102146,-3.965865333102146,-48.54180334274352,3.965865333102146
call,815.0,0.2904109589041095,106,2026-11-20,12.44,12.52,12.48,5,1020,0.161568442993164,775.6300048828125,0.043,16.44378095105708,-3.9637809510570783,-31.76106531295736,3.9637809510570783
call,795.0,0.1945205479452054,71,2026-10-16,13.47,13.54,13.505,32,6489,0.1558311956787109,775.6300048828125,0.043,17.45451971540166,-3.9495197154016584,-29.24487016217444,3.9495197154016584
put,730.0,0.3671232876712328,134,2026-12-18,13.99,14.07,14.03,4,11222,0.17383638671875,775.6300048828125,0.043,10.111499474064829,3.918500525935171,27.9294406695308,3.918500525935171
call,860.0,0.3671232876712328,134,2026-12-18,5.14,5.19,5.165,1,5219,0.1530388652038574,775.6300048828125,0.043,9.075823792618479,-3.910823792618479,-75.71778882126775,3.910823792618479
call,665.0,0.3671232876712328,134,2026-12-18,124.86,128.01,126.435,1,1641,0.3210364527893066,775.6300048828125,0.043,122.53337523805294,3.901624761947062,3.0858739763096152,3.901624761947062
put,655.0,0.2904109589041095,106,2026-11-20,4.43,4.48,4.455,328,11093,0.2431105963134765,775.6300048828125,0.043,0.5615310379176819,3.893468962082318,87.3954873643618,3.893468962082318
call,865.0,0.3671232876712328,134,2026-12-18,4.29,4.35,4.32,1,856,0.1505822247314453,775.6300048828125,0.043,8.212058850790271,-3.8920588507902707,-90.09395487940441,3.8920588507902707
call,835.0,0.2904109589041095,106,2026-11-20,6.99,7.06,7.025,83,518,0.1542748147583008,775.6300048828125,0.043,10.917039882485398,-3.8920398824853972,-55.40270295352878,3.8920398824853972
call,805.0,0.1945205479452054,71,2026-10-16,9.98,10.04,10.01,3,1808,0.1531304170227051,775.6300048828125,0.043,13.81317951309319,-3.8031795130931894,-37.99380132960229,3.8031795130931894
call,810.0,0.1945205479452054,71,2026-10-16,8.42,8.48,8.45,92,5856,0.1512230874633789,775.6300048828125,0.043,12.221133508681675,-3.7711335086816753,-44.62879891930977,3.7711335086816753
call,805.0,0.2904109589041095,106,2026-11-20,16.12,16.2,16.16,47,2330,0.1661460339355469,775.6300048828125,0.043,19.90593134415616,-3.7459313441561584,-23.180268218788108,3.7459313441561584
put,720.0,0.2904109589041095,106,2026-11-20,9.86,9.93,9.895,419,6327,0.1842732940673828,775.6300048828125,0.043,6.159046674707639,3.7359533252923605,37.75597094787631,3.7359533252923605
put,650.0,0.2904109589041095,106,2026-11-20,4.16,4.2,4.18,6,11780,0.2471083590698242,775.6300048828125,0.043,0.4455804507193939,3.734419549280606,89.34018060479919,3.734419549280606
call,800.0,0.3671232876712328,134,2026-12-18,22.61,22.71,22.66,27,19636,0.1744925080871582,775.6300048828125,0.043,26.37875502314955,-3.7187550231495514,-16.411098954764128,3.7187550231495514
call,650.0,0.3671232876712328,134,2026-12-18,138.7,142.01,140.355,17,3458,0.3416661293029785,775.6300048828125,0.043,136.65571193822439,3.6992880617756043,2.6356653213463037,3.6992880617756043
put,645.0,0.2904109589041095,106,2026-11-20,3.94,3.99,3.965,172,1090,0.25196060546875,775.6300048828125,0.043,0.35086488404081706,3.614135115959183,91.15094870010549,3.614135115959183
call,845.0,0.2904109589041095,106,2026-11-20,5.15,5.21,5.18,1,675,0.1519707606506348,775.6300048828125,0.043,8.774027673244518,-3.5940276732445184,-69.38277361475905,3.5940276732445184
call,799.0,0.1945205479452054,71,2026-10-16,12.3,12.37,12.335,505,1065,0.1571892143249512,775.6300048828125,0.043,15.922785319376374,-3.5877853193763727,-29.086220667826286,3.5877853193763727
put,735.0,0.3671232876712328,134,2026-12-18,14.91,14.99,14.95,35,9419,0.1698233653259277,775.6300048828125,0.043,11.363615238111294,3.5863847618887057,23.98919573169703,3.5863847618887057
call,815.0,0.1945205479452054,71,2026-10-16,7.17,7.23,7.2,40,8309,0.1505822247314453,775.6300048828125,0.043,10.772981896734478,-3.572981896734478,-49.62474856575664,3.572981896734478
call,870.0,0.3671232876712328,134,2026-12-18,3.82,3.88,3.85,151,2286,0.1510857597351074,775.6300048828125,0.043,7.418061403289386,-3.5680614032893856,-92.67691956595806,3.5680614032893856
call,685.0,0.2904109589041095,106,2026-11-20,103.07,106.19,104.63,1,141,0.3020089331054688,775.6300048828125,0.043,101.06645549270183,3.563544507298161,3.4058534906796916,3.563544507298161
call,800.0,0.2904109589041095,106,2026-11-20,18.25,18.31,18.28,17,1404,0.1687857780456543,775.6300048828125,0.043,21.82653397286896,-3.546533972868957,-19.401170529917707,3.546533972868957
call,797.0,0.1945205479452054,71,2026-10-16,13.1,13.17,13.135,56,1021,0.1582573188781738,775.6300048828125,0.043,16.675895753999725,-3.5408957539997257,-26.957714153024178,3.5408957539997257
call,800.0,0.1945205479452054,71,2026-10-16,11.98,12.05,12.015,102,6024,0.1572044729614258,775.6300048828125,0.043,15.555697279703907,-3.540697279703906,-29.468974446141537,3.540697279703906
call,798.0,0.1945205479452054,71,2026-10-16,12.73,12.8,12.765,1,1205,0.1579826634216308,775.6300048828125,0.043,16.29617105360461,-3.5311710536046093,-27.66291463850066,3.5311710536046093
put,725.0,0.2904109589041095,106,2026-11-20,10.58,10.66,10.62,13,9304,0.1800313931274414,775.6300048828125,0.043,7.108705621324447,3.5112943786755526,33.06303558074909,3.5112943786755526
call,645.0,0.3671232876712328,134,2026-12-18,143.29,146.55,144.92000000000002,28,1027,0.3472813075256347,775.6300048828125,0.043,141.42386434482648,3.496135655173532,2.4124590499403338,3.496135655173532
call,795.0,0.3671232876712328,134,2026-12-18,24.96,25.07,25.015,1,8690,0.1770407003784179,775.6300048828125,0.043,28.510385468082575,-3.495385468082574,-13.97315797754377,3.495385468082574
put,640.0,0.2904109589041095,106,2026-11-20,3.74,3.78,3.76,6,656,0.2565992309570312,775.6300048828125,0.043,0.2741093785151243,3.4858906214848755,92.70985695438499,3.4858906214848755
call,796.0,0.1945205479452054,71,2026-10-16,13.55,13.61,13.58,63,661,0.1590049920654297,775.6300048828125,0.043,17.06199921487263,-3.481999214872628,-25.64064223028445,3.481999214872628
call,680.0,0.2904109589041095,106,2026-11-20,107.56,110.71,109.135,5,285,0.3084175604248046,775.6300048828125,0.043,105.67054775449333,3.4644522455066777,3.1744648788259293,3.4644522455066777
call,793.0,0.1945205479452054,71,2026-10-16,14.77,14.83,14.8,171,254,0.1601646484375,775.6300048828125,0.043,18.258957155616486,-3.458957155616485,-23.371332132543817,3.458957155616485
call,675.0,0.2904109589041095,106,2026-11-20,112.16,115.36,113.76,1,66,0.3157874818420409,775.6300048828125,0.043,110.32361268685179,3.4363873131482165,3.0207342766774055,3.4363873131482165
call,789.0,0.1945205479452054,71,2026-10-16,16.47,16.55,16.509999999999998,90,143,0.1616599948120117,775.6300048828125,0.043,19.946344163919946,-3.436344163919948,-20.81371389412446,3.436344163919948
call,640.0,0.3671232876712328,134,2026-12-18,148.0,151.29,149.64499999999998,17,2219,0.3545139012145995,775.6300048828125,0.043,146.216382852714,3.4286171472859905,2.29116719388285,3.4286171472859905
call,700.0,0.2904109589041095,106,2026-11-20,89.47,92.6,91.035,14,1364,0.2814097738647461,775.6300048828125,0.043,87.60761372851084,3.427386271489155,3.764910497598896,3.427386271489155
call,820.0,0.1945205479452054,71,2026-10-16,6.01,6.06,6.035,222,6801,0.1493310165405273,775.6300048828125,0.043,9.461537812420147,-3.426537812420147,-56.777759940681804,3.426537812420147
call,794.0,0.1945205479452054,71,2026-10-16,14.41,14.47,14.44,31,80,0.1601799070739746,775.6300048828125,0.043,17.85349398266851,-3.413493982668511,-23.63915500462958,3.413493982668511
call,850.0,0.2904109589041095,106,2026-11-20,4.41,4.47,4.44,1,3062,0.1511925701904297,775.6300048828125,0.043,7.839064721108315,-3.3990647211083145,-76.55551173667374,3.3990647211083145
call,790.0,0.1945205479452054,71,2026-10-16,16.11,16.19,16.15,3,8478,0.1618888743591308,775.6300048828125,0.043,19.514606946821516,-3.3646069468215174,-20.833479546882465,3.3646069468215174
call,791.0,0.1945205479452054,71,2026-10-16,15.7,15.77,15.735,182,382,0.1616142189025878,775.6300048828125,0.043,19.089482624282425,-3.3544826242824257,-21.318605810501595,3.3544826242824257
put,635.0,0.2904109589041095,106,2026-11-20,3.54,3.59,3.565,115,274,0.2613599255371094,775.6300048828125,0.043,0.21241481825679198,3.352585181743208,94.04166007694833,3.352585181743208
call,670.0,0.2904109589041095,106,2026-11-20,116.76,119.98,118.37,1,418,0.3227606787109374,775.6300048828125,0.043,115.02011438800957,3.3498856119904303,2.8300123443359215,3.3498856119904303
call,855.0,0.2904109589041095,106,2026-11-20,3.61,3.67,3.64,28,434,0.1487206710815429,775.6300048828125,0.043,6.987891284258609,-3.347891284258609,-91.9750352818299,3.347891284258609
call,792.0,0.1945205479452054,71,2026-10-16,15.29,15.36,15.325,57,114,0.1613700807189941,775.6300048828125,0.043,18.670942749986523,-3.3459427499865235,-21.833231647546647,3.3459427499865235
call,700.0,0.3671232876712328,134,2026-12-18,93.5,95.59,94.545,1,9812,0.2712780392456054,775.6300048828125,0.043,91.2000012279459,3.3449987720540975,3.537996480040295,3.3449987720540975
call,695.0,0.3671232876712328,134,2026-12-18,97.18,100.49,98.835,11,2180,0.2805858074951171,775.6300048828125,0.043,95.49403305912801,3.3409669408719793,3.3803479950138917,3.3409669408719793
call,675.0,0.3671232876712328,134,2026-12-18,114.92,118.35,116.635,1,4400,0.3043892803955078,775.6300048828125,0.043,113.31086579327041,3.324134206729596,2.8500314714533337,3.324134206729596
call,875.0,0.3671232876712328,134,2026-12-18,3.35,3.4,3.375,305,3772,0.1509179147338867,775.6300048828125,0.043,6.689680523425579,-3.3146805234255794,-98.21275624964679,3.3146805234255794
call,710.0,0.3671232876712328,134,2026-12-18,84.42,87.86,86.14,32,6934,0.2659069992065429,775.6300048828125,0.043,82.84034501565213,3.2996549843478675,3.8305723059529457,3.2996549843478675
call,795.0,0.2904109589041095,106,2026-11-20,20.58,20.62,20.6,2,2677,0.1717764707946777,775.6300048828125,0.043,23.878036156287862,-3.278036156287861,-15.91279687518379,3.278036156287861
call,790.0,0.3671232876712328,134,2026-12-18,27.44,27.54,27.49,7,12247,0.1795278581237793,775.6300048828125,0.043,30.761295912422952,-3.2712959124229535,-11.899948753812128,3.2712959124229535
call,825.0,0.1945205479452054,71,2026-10-16,4.98,5.04,5.01,273,2522,0.1481103256225586,775.6300048828125,0.043,8.279142348511755,-3.269142348511755,-65.25234228566377,3.269142348511755
call,670.0,0.3671232876712328,134,2026-12-18,119.45,122.88,121.165,11,2356,0.3104317004394531,775.6300048828125,0.043,117.89996649553723,3.265033504462778,2.6947002058868303,3.265033504462778
call,780.0,0.1945205479452054,71,2026-10-16,20.84,20.91,20.875,22,5526,0.1655814643859863,775.6300048828125,0.043,24.133363412818312,-3.258363412818312,-15.608926528470956,3.258363412818312
call,787.0,0.1945205479452054,71,2026-10-16,17.55,17.61,17.58,59,320,0.1635673243713379,775.6300048828125,0.043,20.82976227452542,-3.2497622745254233,-18.485564701509805,3.2497622745254233
put,730.0,0.2904109589041095,106,2026-11-20,11.37,11.44,11.405,2,2416,0.1756979403686523,775.6300048828125,0.043,8.163772324141007,3.241227675858992,28.41935708775969,3.241227675858992
call,788.0,0.1945205479452054,71,2026-10-16,17.11,17.18,17.145,92,152,0.1633842207336426,775.6300048828125,0.043,20.384720969264947,-3.2397209692649476,-18.896010319422267,3.2397209692649476
put,740.0,0.3671232876712328,134,2026-12-18,15.9,15.98,15.94,86,14050,0.1657950852966309,775.6300048828125,0.043,12.72270033662906,3.217299663370939,20.183812191787574,3.217299663370939
put,630.0,0.2904109589041095,106,2026-11-20,3.34,3.38,3.36,332,100921,0.2655713092041015,775.6300048828125,0.043,0.1632402261267476,3.1967597738732523,95.14165993670393,3.1967597738732523
call,660.0,0.3671232876712328,134,2026-12-18,128.61,132.11,130.36,1,1428,0.3234625759887695,775.6300048828125,0.043,127.20659892226342,3.1534010777365893,2.41899438304433,3.1534010777365893
call,880.0,0.3671232876712328,134,2026-12-18,2.86,2.91,2.885,1,3119,0.1499718792724609,775.6300048828125,0.043,6.022840850672182,-3.137840850672182,-108.76398095917443,3.137840850672182
call,655.0,0.2904109589041095,106,2026-11-20,130.74,134.09,132.41500000000002,4,11,0.3452213916015625,775.6300048828125,0.043,129.32010151912596,3.0948984808740647,2.3372718203179885,3.0948984808740647
put,625.0,0.2904109589041095,106,2026-11-20,3.18,3.21,3.1950000000000003,25,942,0.2702709692382812,775.6300048828125,0.043,0.12438078830886035,3.07061921169114,96.10701758031736,3.07061921169114
call,705.0,0.3671232876712328,134,2026-12-18,89.04,91.06,90.05000000000001,1,3459,0.2643658769226074,775.6300048828125,0.043,86.98038549066644,3.069614509333576,3.4087890164725994,3.069614509333576
call,786.0,0.1945205479452054,71,2026-10-16,18.18,18.26,18.22,28,157,0.1653068089294433,775.6300048828125,0.043,21.28149118124793,-3.0614911812479306,-16.802915374577008,3.0614911812479306
put,702.0,0.1945205479452054,71,2026-10-16,4.84,4.89,4.865,29,288,0.2071002142333984,775.6300048828125,0.043,1.8038048196208507,3.0611951803791495,62.9228197405786,3.0611951803791495
put,701.0,0.1945205479452054,71,2026-10-16,4.76,4.81,4.785,341,656,0.2080767669677733,775.6300048828125,0.043,1.7267765166435751,3.058223483356425,63.91271647557837,3.058223483356425
call,830.0,0.1945205479452054,71,2026-10-16,4.14,4.18,4.16,4,1550,0.1472253247070312,775.6300048828125,0.043,7.217800617805665,-3.0578006178056647,-73.5048225434054,3.0578006178056647
put,704.0,0.1945205479452054,71,2026-10-16,4.98,5.03,5.005000000000001,535,662,0.2048724533081054,775.6300048828125,0.043,1.966301416144944,3.038698583855057,60.71325841868245,3.038698583855057
call,784.0,0.1945205479452054,71,2026-10-16,19.13,19.21,19.17,4,616,0.1660849993896485,775.6300048828125,0.043,22.20509499541589,-3.0350949954158892,-15.832524754386485,3.0350949954158892
call,655.0,0.3671232876712328,134,2026-12-18,133.19,136.71,134.95,2,1083,0.3296880996704101,775.6300048828125,0.043,131.91537900037395,3.0346209996260427,2.248700259078209,3.0346209996260427
put,850.0,0.3671232876712328,134,2026-12-18,73.46,76.78,75.12,3,4,0.1140835662841796,775.6300048828125,0.043,72.08649556135822,3.033504438641785,4.038211446541247,3.033504438641785
call,790.0,0.2904109589041095,106,2026-11-20,22.97,23.09,23.03,814,3731,0.1748587153625488,775.6300048828125,0.043,26.063206371723993,-3.033206371723992,-13.170674649257455,3.033206371723992
put,708.0,0.1945205479452054,71,2026-10-16,5.33,5.38,5.355,88,266,0.2010883114624023,775.6300048828125,0.043,2.3270794819602543,3.027920518039746,56.54380052361804,3.027920518039746
call,776.0,0.1945205479452054,71,2026-10-16,23.02,23.33,23.175,9,270,0.1695029339599609,775.6300048828125,0.043,26.17033713492725,-2.995337134927251,-12.92486358113161,2.995337134927251
call,785.0,0.1945205479452054,71,2026-10-16,18.71,18.78,18.745,62,2480,0.1660544821166992,775.6300048828125,0.043,21.739928954086793,-2.9949289540867916,-15.977215012466212,2.9949289540867916
put,710.0,0.1945205479452054,71,2026-10-16,5.5,5.54,5.52,21,11116,0.1988605505371093,775.6300048828125,0.043,2.526539180780702,2.9934608192192975,54.22936266701627,2.9934608192192975
put,705.0,0.1945205479452054,71,2026-10-16,5.02,5.07,5.045,5,3598,0.2033465896606445,775.6300048828125,0.043,2.0519134074816208,2.993086592518379,59.32778181404122,2.993086592518379
put,700.0,0.1945205479452054,71,2026-10-16,4.63,4.66,4.645,375,11461,0.2080157324218749,775.6300048828125,0.043,1.6524668853956328,2.9925331146043668,64.42482485692932,2.9925331146043668
put,703.0,0.1945205479452054,71,2026-10-16,4.85,4.9,4.875,81,449,0.2051928846740722,775.6300048828125,0.043,1.8836226136349197,2.9913773863650803,61.361587412617034,2.9913773863650803
put,695.0,0.1945205479452054,71,2026-10-16,4.28,4.33,4.305,378,2183,0.2133562551879883,775.6300048828125,0.043,1.319273150504614,2.9857268494953857,69.3548629383365,2.9857268494953857
call,860.0,0.2904109589041095,106,2026-11-20,3.2,3.26,3.23,43,210,0.1498803274536133,775.6300048828125,0.043,6.2151086825708575,-2.9851086825708575,-92.41822546659002,2.9851086825708575
put,706.0,0.1945205479452054,71,2026-10-16,5.1,5.15,5.125,26,159,0.202309002380371,775.6300048828125,0.043,2.1405313942016875,2.9844686057983125,58.233533771674395,2.9844686057983125
put,690.0,0.1945205479452054,71,2026-10-16,3.97,4.01,3.99,21,7657,0.2183610879516601,775.6300048828125,0.043,1.0438799870768136,2.9461200129231866,73.83759430885179,2.9461200129231866
put,707.0,0.1945205479452054,71,2026-10-16,5.15,5.2,5.175000000000001,119,342,0.2008746905517577,775.6300048828125,0.043,2.2322287711074154,2.9427712288925854,56.86514451966348,2.9427712288925854
put,712.0,0.1945205479452054,71,2026-10-16,5.65,5.7,5.675000000000001,62,189,0.1965717550659179,775.6300048828125,0.043,2.739511448297293,2.935488551702708,51.72667051458515,2.935488551702708
put,709.0,0.1945205479452054,71,2026-10-16,5.33,5.39,5.359999999999999,148,754,0.1991046887207031,775.6300048828125,0.043,2.4251579789250854,2.934842021074914,54.754515318561836,2.934842021074914
put,711.0,0.1945205479452054,71,2026-10-16,5.51,5.57,5.54,262,3821,0.1971210659790039,775.6300048828125,0.043,2.6312984299363222,2.908701570063678,52.503638448802846,2.908701570063678
put,685.0,0.1945205479452054,71,2026-10-16,3.7,3.75,3.725,1,1384,0.2239457489013671,775.6300048828125,0.043,0.8183971208775986,2.9066028791224015,78.02960749321883,2.9066028791224015
put,735.0,0.2904109589041095,106,2026-11-20,12.22,12.24,12.23,40,3394,0.1709982803344726,775.6300048828125,0.043,9.329976568663284,2.9000234313367166,23.71237474518983,2.9000234313367166
call,885.0,0.3671232876712328,134,2026-12-18,2.49,2.54,2.515,256,2939,0.1499108447265625,775.6300048828125,0.043,5.413562678582053,-2.8985626785820533,-115.25100113646334,2.8985626785820533
call,650.0,0.2904109589041095,106,2026-11-20,135.42,138.66,137.04,3,35,0.3511722598266601,775.6300048828125,0.043,134.14210081285592,2.897899187144077,2.114637468727435,2.897899187144077
call,783.0,0.1945205479452054,71,2026-10-16,19.77,19.85,19.81,670,547,0.1675956044006348,775.6300048828125,0.043,22.677006821365012,-2.8670068213650133,-14.47252307604752,2.8670068213650133
put,713.0,0.1945205479452054,71,2026-10-16,5.69,5.74,5.715,29,238,0.1949238223266601,775.6300048828125,0.043,2.851254292021906,2.8637457079780937,50.10928622883804,2.8637457079780937
call,720.0,0.3671232876712328,134,2026-12-18,75.99,79.37,77.68,19,4135,0.254463021850586,775.6300048828125,0.043,74.81914172939867,2.860858270601341,3.6828762494867924,2.860858270601341
put,717.0,0.1945205479452054,71,2026-10-16,6.17,6.22,6.195,54,160,0.1919026123046875,775.6300048828125,0.043,3.3350541218228784,2.859945878177122,46.16538947824248,2.859945878177122
call,835.0,0.1945205479452054,71,2026-10-16,3.39,3.44,3.415,127,394,0.1463403237915039,775.6300048828125,0.043,6.26931296499194,-2.85431296499194,-83.58163879917832,2.85431296499194
put,680.0,0.1945205479452054,71,2026-10-16,3.46,3.5,3.48,10,19391,0.2292862716674805,775.6300048828125,0.043,0.6355608181787389,2.844439181821261,81.7367580983121,2.844439181821261
put,714.0,0.1945205479452054,71,2026-10-16,5.77,5.83,5.8,168,300,0.1938557177734375,775.6300048828125,0.043,2.966603305220602,2.833396694779398,48.851667151368936,2.833396694779398
put,745.0,0.3671232876712328,134,2026-12-18,16.98,17.06,17.02,156,5378,0.1618202104949951,775.6300048828125,0.043,14.192290250391608,2.827709749608392,16.614040832011703,2.827709749608392
put,715.0,0.1945205479452054,71,2026-10-16,5.87,5.92,5.895,2,4464,0.1927570959472656,775.6300048828125,0.043,3.085635072643086,2.8093649273569135,47.65674177026147,2.8093649273569135
call,782.0,0.1945205479452054,71,2026-10-16,20.32,20.38,20.35,165,414,0.168251725769043,775.6300048828125,0.043,23.155680039326228,-2.8056800393262264,-13.787125500374575,2.8056800393262264
call,865.0,0.2904109589041095,106,2026-11-20,2.7,2.76,2.73,706,662,0.1491784301757812,775.6300048828125,0.043,5.515394392952544,-2.785394392952544,-102.02909864295033,2.785394392952544
put,716.0,0.1945205479452054,71,2026-10-16,5.96,6.02,5.99,2,391,0.1917805432128906,775.6300048828125,0.043,3.2084263714071994,2.7815736285928008,46.43695540221704,2.7815736285928008
call,695.0,0.2904109589041095,106,2026-11-20,92.92,96.7,94.81,1,71,0.2849955534362792,775.6300048828125,0.043,92.02879401537302,2.781205984626979,2.933452151278324,2.781205984626979
call,645.0,0.2904109589041095,106,2026-11-20,140.13,143.35,141.74,1,68,0.3581912326049804,775.6300048828125,0.043,138.9853351271056,2.754664872894409,1.9434632939850494,2.754664872894409
call,781.0,0.1945205479452054,71,2026-10-16,20.85,20.93,20.89,251,697,0.1689993989562988,775.6300048828125,0.043,23.641128326970943,-2.7511283269709423,-13.169594671952812,2.7511283269709423
put,855.0,0.1945205479452054,71,2026-10-16,76.73,80.13,78.43,1,0,0.1286708227539062,775.6300048828125,0.043,75.68762789863547,2.7423721013645377,3.496585619488126,2.7423721013645377
put,718.0,0.1945205479452054,71,2026-10-16,6.18,6.23,6.205,35,108,0.1898274377441406,775.6300048828125,0.043,3.4655953373680717,2.7394046626319284,44.148342669330034,2.7394046626319284
put,675.0,0.1945205479452054,71,2026-10-16,3.2,3.24,3.22,225,4537,0.2340774835205077,775.6300048828125,0.043,0.48877549883530236,2.731224501164698,84.82063668213347,2.731224501164698
put,721.0,0.1945205479452054,71,2026-10-16,6.58,6.64,6.609999999999999,12,170,0.1877827804565429,775.6300048828125,0.043,3.881470234904654,2.7285297650953453,41.27881641596589,2.7285297650953453
call,705.0,0.2904109589041095,106,2026-11-20,84.26,87.71,85.985,1,161,0.2713848497009277,775.6300048828125,0.043,83.2600689366086,2.724931063391395,3.16907723834552,2.724931063391395
put,719.0,0.1945205479452054,71,2026-10-16,6.28,6.34,6.3100000000000005,17,101,0.1888814022827148,775.6300048828125,0.043,3.600127073873068,2.7098729261269323,42.94568821120336,2.7098729261269323
call,890.0,0.3671232876712328,134,2026-12-18,2.14,2.19,2.165,400,2003,0.1494836029052734,775.6300048828125,0.043,4.857979380315342,-2.692979380315342,-124.38703835174789,2.692979380315342
call,690.0,0.2904109589041095,106,2026-11-20,97.44,100.95,99.195,3,1020,0.2894510752868651,775.6300048828125,0.043,96.51717314817552,2.677826851824477,2.699558296108148,2.677826851824477
put,670.0,0.1945205479452054,71,2026-10-16,3.02,3.05,3.035,23,1817,0.2398452481079101,775.6300048828125,0.043,0.37213343385684006,2.66286656614316,87.738601849857,2.66286656614316
call,785.0,0.3671232876712328,134,2026-12-18,30.43,30.52,30.475,11,13419,0.1840978197479248,775.6300048828125,0.043,33.13303345636342,-2.6580334563634196,-8.722012982324593,2.6580334563634196
put,720.0,0.1945205479452054,71,2026-10-16,6.37,6.42,6.395,72,10745,0.1875691595458984,775.6300048828125,0.043,3.73872637797524,2.6562736220247594,41.53672591125503,2.6562736220247594
call,715.0,0.3671232876712328,134,2026-12-18,80.44,82.43,81.435,15,2533,0.2527998304748535,775.6300048828125,0.043,78.78495214496616,2.650047855033847,3.254187824686986,2.650047855033847
call,870.0,0.2904109589041095,106,2026-11-20,2.22,2.26,2.24,117,188,0.1474999801635742,775.6300048828125,0.043,4.8835394970873836,-2.6435394970873833,-118.01515611997246,2.6435394970873833
call,710.0,0.2904109589041095,106,2026-11-20,79.98,83.25,81.61500000000001,10,353,0.264533721923828,775.6300048828125,0.043,78.99266942847464,2.6223305715253673,3.213049772131798,2.6223305715253673
call,778.0,0.1945205479452054,71,2026-10-16,22.48,22.56,22.52,1714,1765,0.1708151766967773,775.6300048828125,0.043,25.138231042009977,-2.6182310420099775,-11.626247966296525,2.6182310420099775
put,724.0,0.1945205479452054,71,2026-10-16,6.92,6.98,6.95,32,95,0.1847005358886718,775.6300048828125,0.043,4.335336940911731,2.6146630590882696,37.62105120990316,2.6146630590882696
call,640.0,0.2904109589041095,106,2026-11-20,144.86,148.04,146.45,1,265,0.3651033949279785,775.6300048828125,0.043,143.84652950250825,2.6034704974917418,1.7777196978434564,2.6034704974917418
call,840.0,0.1945205479452054,71,2026-10-16,2.81,2.84,2.825,155,1003,0.145943599243164,775.6300048828125,0.043,5.425398374538958,-2.6003983745389574,-92.04949998367991,2.6003983745389574
call,785.0,0.2904109589041095,106,2026-11-20,25.75,25.82,25.785,1015,3441,0.1786581158447265,775.6300048828125,0.043,28.38424013259629,-2.5992401325962895,-10.080434875300716,2.5992401325962895
put,725.0,0.1945205479452054,71,2026-10-16,7.05,7.1,7.074999999999999,2,4996,0.1836934658813476,775.6300048828125,0.043,4.49542577372965,2.579574226270349,36.460413092160415,2.579574226270349
call,660.0,0.2904109589041095,106,2026-11-20,125.25,128.95,127.1,1,66,0.3336706037902832,775.6300048828125,0.043,124.52300038861006,2.5769996113899367,2.0275370663964885,2.5769996113899367
put,722.0,0.1945205479452054,71,2026-10-16,6.57,6.63,6.6,32,486,0.1854329504394531,775.6300048828125,0.043,4.028435515663688,2.571564484336312,38.96309824751988,2.571564484336312
put,723.0,0.1945205479452054,71,2026-10-16,6.72,6.76,6.74,131,235,0.1846089840698241,775.6300048828125,0.043,4.179698923667871,2.560301076332129,37.98666285359242,2.560301076332129
call,779.0,0.1945205479452054,71,2026-10-16,22.05,22.13,22.09,30,1051,0.1710898321533203,775.6300048828125,0.043,24.63239505839323,-2.542395058393229,-11.509257846958935,2.542395058393229
call,895.0,0.3671232876712328,134,2026-12-18,1.8,1.84,1.82,195,841,0.1483849810791015,775.6300048828125,0.043,4.352352207949565,-2.5323522079495646,-139.14023120602005,2.5323522079495646
call,635.0,0.3671232876712328,134,2026-12-18,151.79,155.31,153.55,1,1748,0.3552615744018553,775.6300048828125,0.043,151.03009895869036,2.5199010413096516,1.6410947843110721,2.5199010413096516
put,665.0,0.1945205479452054,71,2026-10-16,2.78,2.82,2.8,2,1773,0.2444533563232422,775.6300048828125,0.043,0.28041442034475317,2.5195855796552467,89.98519927340168,2.5195855796552467
put,740.0,0.2904109589041095,106,2026-11-20,13.09,13.17,13.13,91,2105,0.1666953448486328,775.6300048828125,0.043,10.61266115461811,2.5173388453818912,19.172420756907016,2.5173388453818912
call,635.0,0.2904109589041095,106,2026-11-20,149.6,152.87,151.235,29,138,0.373404093170166,775.6300048828125,0.043,148.72278482317824,2.512215176821769,1.6611334524559584,2.512215176821769
call,777.0,0.1945205479452054,71,2026-10-16,23.12,23.2,23.16,15,301,0.1720206089782714,775.6300048828125,0.043,25.650877144215826,-2.490877144215826,-10.755082660690096,2.490877144215826
call,630.0,0.3671232876712328,134,2026-12-18,156.73,159.93,158.32999999999998,7,912,0.36113614944458,775.6300048828125,0.043,155.8621291466045,2.467870853395482,1.5586880903148375,2.467870853395482
put,845.0,0.1945205479452054,71,2026-10-16,68.03,70.88,69.455,1,0,0.1330653100585937,775.6300048828125,0.043,67.00937578101195,2.445624218988044,3.5211636584666963,2.445624218988044
put,660.0,0.1945205479452054,71,2026-10-16,2.62,2.65,2.635,1,4521,0.2500075,775.6300048828125,0.043,0.20906797142962397,2.425932028570376,92.06573163454938,2.425932028570376
put,750.0,0.3671232876712328,134,2026-12-18,18.16,18.24,18.2,3,5965,0.1579216288757324,775.6300048828125,0.043,15.775519694824709,2.4244803051752903,13.321320358105993,2.4244803051752903
call,715.0,0.2904109589041095,106,2026-11-20,75.49,78.98,77.235,3,56,0.2588269918823243,775.6300048828125,0.043,74.81192501806743,2.4230749819325723,3.1372758230498765,2.4230749819325723
put,726.0,0.1945205479452054,71,2026-10-16,7.05,7.11,7.08,126,346,0.1815267395019531,775.6300048828125,0.043,4.660041298219255,2.419958701780745,34.180207652270404,2.419958701780745
put,727.0,0.1945205479452054,71,2026-10-16,7.22,7.27,7.244999999999999,276,398,0.1808858767700195,775.6300048828125,0.043,4.829259005398669,2.4157409946013306,33.34356100208876,2.4157409946013306
call,665.0,0.2904109589041095,106,2026-11-20,120.4,123.91,122.155,69,72,0.3230963687133787,775.6300048828125,0.043,119.75485468398642,2.400145316013578,1.9648359183116353,2.400145316013578
call,774.0,0.1945205479452054,71,2026-10-16,24.74,24.94,24.84,35,444,0.1740652662658691,775.6300048828125,0.043,27.229703743279117,-2.3897037432791173,-9.620385439932035,2.3897037432791173
call,793.0,0.0986301369863013,36,2026-09-11,8.08,8.19,8.135,33,55,0.1515892947387695,775.6300048828125,0.043,10.515040126393671,-2.3800401263936717,-29.256793194759332,2.3800401263936717
call,775.0,0.1945205479452054,71,2026-10-16,24.19,24.46,24.325000000000003,8,3497,0.1741568180847168,775.6300048828125,0.043,26.69661276228834,-2.3716127622883363,-9.749692753497783,2.3716127622883363
put,781.0,0.0986301369863013,36,2026-09-11,15.07,15.23,15.15,3,3,0.1238796109008789,775.6300048828125,0.043,17.51547305802768,-2.36547305802768,-15.613683551337823,2.36547305802768
put,728.0,0.1945205479452054,71,2026-10-16,7.32,7.38,7.35,2,515,0.1797109617614746,775.6300048828125,0.043,5.00315394616716,2.3468460538328397,31.92987828344,2.3468460538328397
call,845.0,0.1945205479452054,71,2026-10-16,2.32,2.35,2.335,2,548,0.1458825646972656,775.6300048828125,0.043,4.677807686081195,-2.342807686081195,-100.33437627756724,2.342807686081195
call,875.0,0.2904109589041095,106,2026-11-20,1.97,2.0,1.985,7,23205,0.1486901538085937,775.6300048828125,0.043,4.314481228917529,-2.329481228917529,-117.3542180814876,2.329481228917529
call,786.0,0.0986301369863013,36,2026-09-11,10.83,10.98,10.905,49,82,0.1550682638549805,775.6300048828125,0.043,13.231877605807028,-2.326877605807029,-21.337713028950294,2.326877605807029
put,655.0,0.1945205479452054,71,2026-10-16,2.46,2.49,2.475,145,8561,0.2554700918579102,775.6300048828125,0.043,0.1541810032459212,2.320818996754079,93.7704645153163,2.320818996754079
call,802.0,0.0986301369863013,36,2026-09-11,5.33,5.38,5.355,28,80,0.1477288597106933,775.6300048828125,0.043,7.6515834997887,-2.2965834997886994,-42.88671334806161,2.2965834997886994
put,732.0,0.1945205479452054,71,2026-10-16,8.0,8.06,8.030000000000001,419,467,0.1771017349243164,775.6300048828125,0.043,5.746988568998006,2.283011431001995,28.43102653800741,2.283011431001995
call,800.0,0.0986301369863013,36,2026-09-11,5.92,5.99,5.955,322,252,0.1492394647216797,775.6300048828125,0.043,8.229804503814279,-2.274804503814279,-38.19990770468982,2.274804503814279
call,770.0,0.3671232876712328,134,2026-12-18,37.72,39.71,38.715,405,10558,0.1955494264221191,775.6300048828125,0.043,40.98200566562957,-2.2670056656295685,-5.855626154280171,2.2670056656295685
put,729.0,0.1945205479452054,71,2026-10-16,7.42,7.47,7.445,384,402,0.1783071672058105,775.6300048828125,0.043,5.181800676142899,2.2631993238571013,30.39891637148558,2.2631993238571013
call,900.0,0.3671232876712328,134,2026-12-18,1.61,1.66,1.635,100,7163,0.149575154724121,775.6300048828125,0.043,3.8930825391522035,-2.2580825391522037,-138.10902380135803,2.2580825391522037
put,850.0,0.1945205479452054,71,2026-10-16,71.99,75.14,73.565,2,2,0.1227504718017578,775.6300048828125,0.043,71.30834541717172,2.2566545828282756,3.067565530929485,2.2566545828282756
call,773.0,0.1945205479452054,71,2026-10-16,25.36,25.7,25.53,1,576,0.1759573371887207,775.6300048828125,0.043,27.76960775609882,-2.2396077560988203,-8.772454978843793,2.2396077560988203
call,805.0,0.0986301369863013,36,2026-09-11,4.58,4.63,4.605,23,136,0.146645496520996,775.6300048828125,0.043,6.843177495219265,-2.238177495219265,-48.60320293635754,2.238177495219265
put,755.0,0.3671232876712328,134,2026-12-18,19.66,19.76,19.71,62,4252,0.1553886952209472,775.6300048828125,0.043,17.47509283354796,2.2349071664520395,11.338950616195024,2.2349071664520395
put,730.0,0.1945205479452054,71,2026-10-16,7.57,7.63,7.6,218,12140,0.1775900112915039,775.6300048828125,0.043,5.3652732004483425,2.234726799551657,29.404299994100754,2.234726799551657
call,780.0,0.2904109589041095,106,2026-11-20,28.58,28.67,28.625,979,4796,0.1823659645080566,775.6300048828125,0.043,30.842717843998514,-2.217717843998514,-7.7474859178987385,2.217717843998514
call,625.0,0.3671232876712328,134,2026-12-18,161.21,164.63,162.92000000000002,31,1562,0.3676515872192383,775.6300048828125,0.043,160.70987070907177,2.2101292909282506,1.3565733433146638,2.2101292909282506
put,650.0,0.1945205479452054,71,2026-10-16,2.29,2.31,2.3,6,18891,0.2601392346191406,775.6300048828125,0.043,0.11243423834893829,2.1875657616510615,95.11155485439399,2.1875657616510615
put,731.0,0.1945205479452054,71,2026-10-16,7.71,7.77,7.74,35,445,0.1766287171936035,775.6300048828125,0.043,5.553644918517563,2.1863550814824375,28.24748167289971,2.1863550814824375
put,733.0,0.1945205479452054,71,2026-10-16,8.09,8.16,8.125,2325,2404,0.1756979403686523,775.6300048828125,0.043,5.9453761748202965,2.1796238251797035,26.82613938682712,2.1796238251797035
call,772.0,0.1945205479452054,71,2026-10-16,26.0,26.32,26.16,3,284,0.1767813035583496,775.6300048828125,0.043,28.316320434348484,-2.1563204343484834,-8.242815116011021,2.1563204343484834
put,745.0,0.2904109589041095,106,2026-11-20,14.13,14.21,14.170000000000002,7,3071,0.1625678836822509,775.6300048828125,0.043,12.016712484812189,2.153287515187813,15.196101024614064,2.153287515187813
call,769.0,0.0986301369863013,36,2026-09-11,18.62,20.6,19.61,2,137,0.1713187117004394,775.6300048828125,0.043,21.75156358464676,-2.141563584646761,-10.920772996668846,2.141563584646761
call,780.0,0.3671232876712328,134,2026-12-18,33.44,33.54,33.489999999999995,9,24247,0.1882557981872558,775.6300048828125,0.043,35.62670842899513,-2.136708428995135,-6.380138635399031,2.136708428995135
call,781.0,0.0986301369863013,36,2026-09-11,13.24,13.4,13.32,41,132,0.1587303366088867,775.6300048828125,0.043,15.45075986814038,-2.1307598681403803,-15.996695706759612,2.1307598681403803
call,850.0,0.1945205479452054,71,2026-10-16,1.88,1.91,1.895,143,8393,0.1453942883300781,775.6300048828125,0.043,4.018424819414122,-2.123424819414122,-112.05408018016473,2.123424819414122
call,720.0,0.2904109589041095,106,2026-11-20,71.22,74.45,72.83500000000001,2,1514,0.2509535354614257,775.6300048828125,0.043,70.72426870384822,2.1107312961517835,2.8979629246265985,2.1107312961517835
put,645.0,0.1945205479452054,71,2026-10-16,2.17,2.2,2.185,26,9191,0.2663342410278321,775.6300048828125,0.043,0.08105058382551489,2.103949416174485,96.29059112926706,2.103949416174485
call,880.0,0.2904109589041095,106,2026-11-20,1.68,1.72,1.7,14,470,0.1489648092651367,775.6300048828125,0.043,3.8033305976040594,-2.1033305976040593,-123.72532927082702,2.1033305976040593
call,782.0,0.0986301369863013,36,2026-09-11,12.81,12.96,12.885000000000002,257,206,0.1586540434265136,775.6300048828125,0.043,14.988041968635343,-2.103041968635342,-16.321629558675525,2.103041968635342
call,905.0,0.3671232876712328,134,2026-12-18,1.35,1.4,1.375,6,2050,0.1487817056274414,775.6300048828125,0.043,3.476721676571941,-2.101721676571941,-152.85248556886845,2.101721676571941
call,720.0,0.0986301369863013,36,2026-09-11,60.29,63.69,61.99,1,5,0.2831187411499023,775.6300048828125,0.043,59.89100584770847,2.0989941522915316,3.3860205715301364,2.0989941522915316
call,808.0,0.0986301369863013,36,2026-09-11,4.0,4.03,4.015000000000001,96,75,0.1466149792480468,775.6300048828125,0.043,6.102590608342695,-2.087590608342694,-51.99478476569599,2.087590608342694
call,758.0,0.1945205479452054,71,2026-10-16,33.84,35.37,34.605000000000004,7,197,0.186607865447998,775.6300048828125,0.043,36.67789666004546,-2.0728966600454584,-5.990165178573784,2.0728966600454584
call,799.0,0.0986301369863013,36,2026-09-11,6.44,6.51,6.475,487,468,0.1523522265625,775.6300048828125,0.043,8.531045743332271,-2.0560457433322714,-31.753602213625815,2.0560457433322714
call,801.0,0.0986301369863013,36,2026-09-11,5.86,5.92,5.890000000000001,60,41,0.1514367083740234,775.6300048828125,0.043,7.936687964201695,-2.046687964201695,-34.74852231242266,2.046687964201695
call,795.0,0.0986301369863013,36,2026-09-11,7.73,7.83,7.78,144,149,0.1544731770324707,775.6300048828125,0.043,9.819407389220657,-2.0394073892206572,-26.213462586383766,2.0394073892206572
call,794.0,0.0986301369863013,36,2026-09-11,8.08,8.17,8.125,68,58,0.1548393843078613,775.6300048828125,0.043,10.162856288931948,-2.0378562889319483,-25.081308171470134,2.0378562889319483
call,705.0,0.1945205479452054,71,2026-10-16,78.94,82.24,80.59,3,335,0.2764049411010741,775.6300048828125,0.043,78.55421539170356,2.0357846082964386,2.526100767212357,2.0357846082964386
call,796.0,0.0986301369863013,36,2026-09-11,7.4,7.5,7.45,11,29,0.1541069697570801,775.6300048828125,0.043,9.484600366414384,-2.0346003664143835,-27.310072032407835,2.0346003664143835
put,736.0,0.1945205479452054,71,2026-10-16,8.57,8.64,8.605,53,802,0.1730124203491211,775.6300048828125,0.043,6.571511071725922,2.0334889282740782,23.63148086315024,2.0334889282740782
put,734.0,0.1945205479452054,71,2026-10-16,8.15,8.21,8.18,1,167,0.1737753521728515,775.6300048828125,0.043,6.148878988510575,2.031121011489425,24.83033021380715,2.031121011489425
call,685.0,0.1945205479452054,71,2026-10-16,97.57,100.8,99.185,1,1689,0.3085396295166015,775.6300048828125,0.043,97.15410911640708,2.0308908835929174,2.047578649587052,2.0308908835929174
call,798.0,0.0986301369863013,36,2026-09-11,6.76,6.87,6.815,183,249,0.153405072479248,775.6300048828125,0.043,8.84052147405339,-2.025521474053389,-29.721518328002773,2.025521474053389
call,770.0,0.1945205479452054,71,2026-10-16,27.28,27.53,27.405,1035,7922,0.178093546295166,775.6300048828125,0.043,29.430144076387933,-2.0251440763879316,-7.389688291873496,2.0251440763879316
call,725.0,0.2904109589041095,106,2026-11-20,67.77,69.75,68.75999999999999,6,1579,0.2416610258483886,775.6300048828125,0.043,66.73597776953682,2.0240222304631743,2.943604174611947,2.0240222304631743
put,735.0,0.1945205479452054,71,2026-10-16,8.35,8.41,8.379999999999999,51,3396,0.173287075805664,775.6300048828125,0.043,6.357567437817039,2.02243256218296,24.13404012151504,2.02243256218296
call,695.0,0.1945205479452054,71,2026-10-16,88.25,91.21,89.72999999999999,6,1026,0.2895578857421874,775.6300048828125,0.043,87.73828014038031,1.9917198596196783,2.219681109572806,1.9917198596196783
put,640.0,0.1945205479452054,71,2026-10-16,2.03,2.06,2.045,1,4805,0.27149166015625,775.6300048828125,0.043,0.05773860432419964,1.9872613956758003,97.1765963655648,1.9872613956758003
call,804.0,0.0986301369863013,36,2026-09-11,5.09,5.16,5.125,3,360,0.1507653283691406,775.6300048828125,0.043,7.104947182865573,-1.9799471828655726,-38.633115763230684,1.9799471828655726
call,778.0,0.0986301369863013,36,2026-09-11,14.84,15.0,14.92,46,84,0.1611717184448242,775.6300048828125,0.043,16.89627882641537,-1.9762788264153688,-13.245836638172715,1.9762788264153688
call,792.0,0.0986301369863013,36,2026-09-11,8.86,8.95,8.905,10,85,0.156334730682373,775.6300048828125,0.043,10.876048122624638,-1.971048122624639,-22.134173190619194,1.971048122624639
call,680.0,0.1945205479452054,71,2026-10-16,102.25,105.52,103.885,17,2483,0.3169166209411621,775.6300048828125,0.043,101.92962531653507,1.9553746834649388,1.8822492982287518,1.9553746834649388
call,806.0,0.0986301369863013,36,2026-09-11,4.6,4.67,4.635,3,104,0.1499871379089355,775.6300048828125,0.043,6.588944566216156,-1.9539445662161565,-42.15630132073693,1.9539445662161565
call,791.0,0.0986301369863013,36,2026-09-11,9.25,9.34,9.295,2,52,0.1569145588684082,775.6300048828125,0.043,11.245965502582749,-1.9509655025827488,-20.989408311810102,1.9509655025827488
call,771.0,0.1945205479452054,71,2026-10-16,26.78,27.08,26.93,1,560,0.1785970812988281,775.6300048828125,0.043,28.869835363030973,-1.9398353630309728,-7.203250512554671,1.9398353630309728
call,713.0,0.1945205479452054,71,2026-10-16,71.74,74.97,73.35499999999999,2,3,0.263953893737793,775.6300048828125,0.043,71.42019227172091,1.9348077282790825,2.637594885528025,1.9348077282790825
call,885.0,0.2904109589041095,106,2026-11-20,1.41,1.44,1.4249999999999998,253,731,0.1484765328979492,775.6300048828125,0.043,3.3453951638324213,-1.9203951638324215,-134.76457290052082,1.9203951638324215
call,855.0,0.1945205479452054,71,2026-10-16,1.5,1.54,1.52,161,682,0.1448449774169922,775.6300048828125,0.043,3.4393547980509567,-1.9193547980509567,-126.27334197703661,1.9193547980509567
call,813.0,0.0986301369863013,36,2026-09-11,3.07,3.12,3.095,2,62,0.1457299783325195,775.6300048828125,0.043,5.00971293259056,-1.9147129325905596,-61.864715107934074,1.9147129325905596
call,789.0,0.0986301369863013,36,2026-09-11,10.04,10.16,10.1,1,27,0.1581810256958007,775.6300048828125,0.043,12.012848427321217,-1.912848427321217,-18.939093339814033,1.912848427321217
call,711.0,0.1945205479452054,71,2026-10-16,73.56,76.63,75.095,42,3,0.2655865678405761,775.6300048828125,0.043,73.1835774107659,1.9114225892340926,2.5453393557947837,1.9114225892340926
call,790.0,0.0986301369863013,36,2026-09-11,9.66,9.77,9.715,248,255,0.1578148184204101,775.6300048828125,0.043,11.624873343372315,-1.9098733433723147,-19.65901537182002,1.9098733433723147
call,807.0,0.0986301369863013,36,2026-09-11,4.4,4.47,4.4350000000000005,3,131,0.1500329138183594,775.6300048828125,0.043,6.342124245772567,-1.9071242457725663,-43.001674087318285,1.9071242457725663
put,800.0,0.1945205479452054,71,2026-10-16,31.19,31.53,31.36,11,146,0.1186306399536132,775.6300048828125,0.043,33.26209284919264,-1.9020928491926412,-6.065347095639799,1.9020928491926412
put,795.0,0.1945205479452054,71,2026-10-16,28.13,28.48,28.305,1,1,0.122506333618164,775.6300048828125,0.043,30.20256278206358,-1.8975627820635808,-6.703984391674902,1.8975627820635808
call,715.0,0.1945205479452054,71,2026-10-16,69.96,73.17,71.565,7,390,0.2608869078063965,775.6300048828125,0.043,69.6712320512114,1.893767948788593,2.6462208464872394,1.893767948788593
call,787.0,0.0986301369863013,36,2026-09-11,10.86,11.01,10.935,210,198,0.1593254234313965,775.6300048828125,0.043,12.81628513603539,-1.8812851360353893,-17.204253644585176,1.8812851360353893
call,814.0,0.0986301369863013,36,2026-09-11,2.92,2.95,2.935,144,67,0.1453942883300781,775.6300048828125,0.043,4.811177400879785,-1.8761774008797851,-63.924272602377684,1.8761774008797851
call,910.0,0.3671232876712328,134,2026-12-18,1.21,1.25,1.23,2,3975,0.1497277410888672,775.6300048828125,0.043,3.0999783314528884,-1.8699783314528884,-152.03075865470637,1.8699783314528884
put,635.0,0.1945205479452054,71,2026-10-16,1.89,1.92,1.905,1,407,0.2763133892822265,775.6300048828125,0.043,0.04063392703698021,1.8643660729630198,97.86698545737636,1.8643660729630198
call,763.0,0.1945205479452054,71,2026-10-16,31.48,31.88,31.68,21,363,0.1821218263244629,775.6300048828125,0.043,33.54138997740341,-1.8613899774034124,-5.875599676147135,1.8613899774034124
call,809.0,0.0986301369863013,36,2026-09-11,3.98,4.04,4.01,52,51,0.149422568359375,775.6300048828125,0.043,5.870216128059155,-1.8602161280591556,-46.389429627410365,1.8602161280591556
call,768.0,0.0986301369863013,36,2026-09-11,19.76,21.2,20.48,208,197,0.1717612121582031,775.6300048828125,0.043,22.33886850046764,-1.85886850046764,-9.076506349939647,1.85886850046764
call,810.0,0.0986301369863013,36,2026-09-11,3.76,3.83,3.795,13,181,0.1489953265380859,775.6300048828125,0.043,5.644871852532731,-1.849871852532731,-48.74497635132361,1.849871852532731
call,761.0,0.1945205479452054,71,2026-10-16,31.96,33.9,32.93,50,372,0.1887135572814941,775.6300048828125,0.043,34.776233641426586,-1.8462336414265863,-5.6065400589935805,1.8462336414265863
call,788.0,0.0986301369863013,36,2026-09-11,10.51,10.62,10.565,3,51,0.1591728370666504,775.6300048828125,0.043,12.40996310034825,-1.8449631003482505,-17.462973027432565,1.8449631003482505
call,735.0,0.2904109589041095,106,2026-11-20,59.29,62.55,60.92,8,548,0.2372665385437011,775.6300048828125,0.043,59.08134895501905,1.8386510449809492,3.0181402576837644,1.8386510449809492
call,716.0,0.1945205479452054,71,2026-10-16,69.1,72.18,70.64,1,16,0.2584607846069336,775.6300048828125,0.043,68.80235284941011,1.8376471505898877,2.6014257511181875,1.8376471505898877
put,790.0,0.1945205479452054,71,2026-10-16,25.34,25.61,25.475,26,15,0.1258174577331542,775.6300048828125,0.043,27.304297510656568,-1.8292975106565663,-7.180755684618513,1.8292975106565663
put,737.0,0.1945205479452054,71,2026-10-16,8.58,8.65,8.615,2,616,0.1706625903320313,775.6300048828125,0.043,6.790778506938551,1.824221493061449,21.174944783069634,1.824221493061449
call,815.0,0.0986301369863013,36,2026-09-11,2.77,2.82,2.795,105,32,0.1456384265136718,775.6300048828125,0.043,4.619011860555304,-1.824011860555304,-65.25981612004665,1.824011860555304
call,784.0,0.0986301369863013,36,2026-09-11,12.22,12.37,12.295,7,41,0.161141201171875,775.6300048828125,0.043,14.091101889497963,-1.7961018894979635,-14.608392757201818,1.7961018894979635
call,700.0,0.1945205479452054,71,2026-10-16,83.31,86.5,84.905,3,807,0.2807689111328124,775.6300048828125,0.043,83.11312137244443,1.791878627555576,2.1104512426306767,1.791878627555576
call,785.0,0.0986301369863013,36,2026-09-11,11.79,11.94,11.864999999999998,20,634,0.1608818043518066,775.6300048828125,0.043,13.656798755613863,-1.7917987556138648,-15.101548719880869,1.7917987556138648
call,811.0,0.0986301369863013,36,2026-09-11,3.61,3.66,3.635,1,11,0.1490563610839843,775.6300048828125,0.043,5.4264275749615365,-1.7914275749615367,-49.28273933869427,1.7914275749615367
call,769.0,0.1945205479452054,71,2026-10-16,28.03,28.39,28.21,48,251,0.1805501867675781,775.6300048828125,0.043,29.99723605758851,-1.7872360575885082,-6.335469895740902,1.7872360575885082
put,630.0,0.1945205479452054,71,2026-10-16,1.8,1.83,1.815,28,1694,0.2824168438720703,775.6300048828125,0.043,0.028241025386523733,1.7867589746134762,98.44402063986095,1.7867589746134762
call,768.0,0.1945205479452054,71,2026-10-16,28.04,29.53,28.785,1,255,0.185005708618164,775.6300048828125,0.043,30.571098740282707,-1.786098740282707,-6.204963488909874,1.786098740282707
call,675.0,0.1945205479452054,71,2026-10-16,106.97,110.07,108.52,18,81,0.3230353341674803,775.6300048828125,0.043,106.74119250001854,1.778807499981454,1.639151769242033,1.778807499981454
call,775.0,0.3671232876712328,134,2026-12-18,36.3,36.64,36.47,23,8579,0.1922611902618408,775.6300048828125,0.043,38.242973197203185,-1.7729731972031857,-4.861456531952799,1.7729731972031857
call,720.0,0.1945205479452054,71,2026-10-16,65.62,68.64,67.13,29,419,0.2526930200195312,775.6300048828125,0.043,65.36597085371659,1.7640291462834057,2.6277806439496585,1.7640291462834057
call,775.0,0.2904109589041095,106,2026-11-20,31.48,31.88,31.68,10,2917,0.1874623490905761,775.6300048828125,0.043,33.43957003328063,-1.7595700332806317,-5.554198337375731,1.7595700332806317
call,812.0,0.0986301369863013,36,2026-09-11,3.43,3.49,3.46,88,95,0.1490258438110351,775.6300048828125,0.043,5.214752004217928,-1.754752004217928,-50.715375844448786,1.754752004217928
put,738.0,0.1945205479452054,71,2026-10-16,8.73,8.8,8.765,50,1948,0.1695944857788086,775.6300048828125,0.043,7.015437374882055,1.749562625117946,19.96078294487103,1.749562625117946
put,750.0,0.2904109589041095,106,2026-11-20,15.23,15.32,15.275,7,1842,0.1582725775146484,775.6300048828125,0.043,13.54649769416065,1.728502305839351,11.315890709259254,1.728502305839351
put,739.0,0.1945205479452054,71,2026-10-16,8.94,9.0,8.969999999999999,279,568,0.168953623046875,775.6300048828125,0.043,7.245554269326021,1.7244457306739776,19.22459008555159,1.7244457306739776
call,890.0,0.2904109589041095,106,2026-11-20,1.2,1.24,1.22,13,503,0.1489342919921875,775.6300048828125,0.043,2.936197135180322,-1.716197135180322,-140.6718963262559,1.716197135180322
call,783.0,0.0986301369863013,36,2026-09-11,12.74,12.9,12.82,24,66,0.1623313748168945,775.6300048828125,0.043,14.534835260411342,-1.7148352604113413,-13.37625008121171,1.7148352604113413
call,915.0,0.3671232876712328,134,2026-12-18,1.03,1.06,1.045,8,1416,0.1492394647216797,775.6300048828125,0.043,2.759723943622326,-1.7147239436223263,-164.0884156576389,1.7147239436223263
call,722.0,0.1945205479452054,71,2026-10-16,64.39,66.38,65.38499999999999,1,7,0.2451552536010742,775.6300048828125,0.043,63.67233899027417,1.7126610097258208,2.619348489295436,1.7126610097258208
call,767.0,0.1945205479452054,71,2026-10-16,28.7,30.19,29.445,1,267,0.1859288561248779,775.6300048828125,0.043,31.151717512026778,-1.7067175120267777,-5.7962897334921974,1.7067175120267777
put,789.0,0.1945205479452054,71,2026-10-16,24.92,25.16,25.04,2,1,0.1271907350158691,775.6300048828125,0.043,26.74436422718958,-1.7043642271895791,-6.806566402514294,1.7043642271895791
call,773.0,0.0986301369863013,36,2026-09-11,16.91,18.7,17.805,2,100,0.1736532830810547,775.6300048828125,0.043,19.497657627589888,-1.6926576275898881,-9.506642109463005,1.6926576275898881
call,730.0,0.3671232876712328,134,2026-12-18,67.87,69.85,68.86,1,8294,0.2359085198974609,775.6300048828125,0.043,67.17502044950254,1.6849795504974594,2.4469642034525987,1.6849795504974594
put,625.0,0.1945205479452054,71,2026-10-16,1.68,1.71,1.6949999999999998,283,155609,0.2873606420898437,775.6300048828125,0.043,0.01937737141114182,1.675622628588858,98.85679224713027,1.675622628588858
put,770.0,0.0986301369863013,36,2026-09-11,10.54,10.69,10.614999999999998,33,198,0.1342554837036133,775.6300048828125,0.043,12.285024535339971,-1.670024535339973,-15.732685212811806,1.670024535339973
put,740.0,0.1945205479452054,71,2026-10-16,9.11,9.17,9.14,30,7117,0.1680075875854492,775.6300048828125,0.043,7.481194694675139,1.6588053053248615,18.148854544035682,1.6588053053248615
call,660.0,0.1945205479452054,71,2026-10-16,121.38,124.6,122.99,2,267,0.3513858807373046,775.6300048828125,0.043,121.33654248109349,1.6534575189065066,1.3443837051032659,1.6534575189065066
call,759.0,0.1945205479452054,71,2026-10-16,33.09,35.71,34.400000000000006,6,317,0.1936268382263183,775.6300048828125,0.043,36.03746413297279,-1.6374641329727808,-4.760070153990641,1.6374641329727808
call,766.0,0.0986301369863013,36,2026-09-11,21.17,22.64,21.905,34,244,0.1748739739990234,775.6300048828125,0.043,23.541809563647632,-1.6368095636476312,-7.472310265453691,1.6368095636476312
call,819.0,0.0986301369863013,36,2026-09-11,2.25,2.3,2.275,5,30,0.1456384265136718,775.6300048828125,0.043,3.9113668182561696,-1.6363668182561697,-71.92821179148,1.6363668182561697
call,766.0,0.1945205479452054,71,2026-10-16,29.36,30.87,30.115,134,440,0.186958814086914,775.6300048828125,0.043,31.73907571959245,-1.624075719592451,-5.392912899194591,1.624075719592451
call,625.0,0.2904109589041095,106,2026-11-20,158.39,161.87,160.13,1,2,0.3824219473266601,775.6300048828125,0.043,158.51065055508673,1.6193494449132686,1.0112717447781607,1.6193494449132686
put,785.0,0.1945205479452054,71,2026-10-16,22.91,23.0,22.955,4,314,0.1292735388946533,775.6300048828125,0.043,24.571267015094975,-1.6162670150949765,-7.041023807863109,1.6162670150949765
call,816.0,0.0986301369863013,36,2026-09-11,2.8,2.84,2.82,2,181,0.1483544638061523,775.6300048828125,0.043,4.433082332706874,-1.6130823327068744,-57.20150115981825,1.6130823327068744
call,860.0,0.1945205479452054,71,2026-10-16,1.31,1.33,1.32,12,394,0.1466760137939453,775.6300048828125,0.043,2.932997918166407,-1.6129979181664071,-122.19681198230357,1.6129979181664071
call,730.0,0.2904109589041095,106,2026-11-20,63.46,65.47,64.465,3,770,0.235084553527832,775.6300048828125,0.043,62.85309459142513,1.61190540857487,2.5004349780111226,1.61190540857487
put,760.0,0.3671232876712328,134,2026-12-18,20.83,20.94,20.885,119,12844,0.1503533451843262,775.6300048828125,0.043,19.293259063797052,1.5917409362029495,7.62145528466818,1.5917409362029495
call,772.0,0.0986301369863013,36,2026-09-11,16.83,20.13,18.48,61,140,0.1828389822387695,775.6300048828125,0.043,20.046778779623594,-1.5667787796235935,-8.478240149478319,1.5667787796235935
call,718.0,0.0986301369863013,36,2026-09-11,61.67,64.94,63.305,2,1,0.278327529296875,775.6300048828125,0.043,61.74420924774381,1.5607907522561888,2.465509441996981,1.5607907522561888
call,723.0,0.1945205479452054,71,2026-10-16,62.79,65.99,64.39,6,5,0.2482374981689453,775.6300048828125,0.043,62.83193189771305,1.5580681022869527,2.4197361427037625,1.5580681022869527
call,818.0,0.0986301369863013,36,2026-09-11,2.51,2.56,2.535,80,80,0.1481408428955078,775.6300048828125,0.043,4.079394176102369,-1.5443941761023687,-60.922847183525384,1.5443941761023687
call,780.0,0.0986301369863013,36,2026-09-11,14.31,14.45,14.38,26,948,0.1648337911987304,775.6300048828125,0.043,15.923021481199726,-1.543021481199725,-10.730330189149687,1.543021481199725
call,725.0,0.3671232876712328,134,2026-12-18,71.38,73.6,72.49,27,3113,0.2390975749206542,775.6300048828125,0.043,70.94766093570581,1.5423390642941825,2.127657696639788,1.5423390642941825
call,895.0,0.2904109589041095,106,2026-11-20,1.01,1.05,1.03,5,985,0.1489342919921875,775.6300048828125,0.043,2.571487019267707,-1.5414870192677068,-149.6589339094861,1.5414870192677068
call,736.0,0.0986301369863013,36,2026-09-11,45.7,48.73,47.215,4,5,0.2445143908691406,775.6300048828125,0.043,45.67874866384011,1.5362513361598928,3.253735753806826,1.5362513361598928
put,741.0,0.1945205479452054,71,2026-10-16,9.22,9.28,9.25,10,388,0.1664817239379883,775.6300048828125,0.043,7.722423015008786,1.5275769849912137,16.514345783688796,1.5275769849912137
put,742.0,0.1945205479452054,71,2026-10-16,9.46,9.52,9.49,73,441,0.1660849993896485,775.6300048828125,0.043,7.969302403935785,1.520697596064215,16.024210706682982,1.520697596064215
call,920.0,0.3671232876712328,134,2026-12-18,0.92,0.95,0.935,1,673,0.1502770520019531,775.6300048828125,0.043,2.452996005412544,-1.5179960054125439,-162.35251394786565,1.5179960054125439
call,779.0,0.0986301369863013,36,2026-09-11,14.82,14.97,14.895,3,116,0.1655051712036133,775.6300048828125,0.043,16.40485392155631,-1.50985392155631,-10.136649355866465,1.50985392155631
put,782.0,0.1945205479452054,71,2026-10-16,21.46,21.56,21.51,1,29,0.1314478945922851,775.6300048828125,0.043,23.012006598638266,-1.502006598638264,-6.9828293753522255,1.502006598638264
call,765.0,0.3671232876712328,134,2026-12-18,41.34,43.36,42.35,5,5984,0.2014087428283691,775.6300048828125,0.043,43.84349794222658,-1.4934979422265755,-3.526559485777038,1.4934979422265755
call,822.0,0.0986301369863013,36,2026-09-11,1.93,1.97,1.95,1,37,0.1457299783325195,775.6300048828125,0.043,3.4409427596286832,-1.4909427596286833,-76.45860305788119,1.4909427596286833
call,765.0,0.1945205479452054,71,2026-10-16,30.64,31.07,30.855,49,5145,0.1843953631591796,775.6300048828125,0.043,32.33315467615853,-1.4781546761585282,-4.790648764085329,1.4781546761585282
call,721.0,0.1945205479452054,71,2026-10-16,65.72,66.25,65.985,84,28,0.2370529176330566,775.6300048828125,0.043,64.5170442100806,1.467955789919401,2.224681048601047,1.467955789919401
call,740.0,0.2904109589041095,106,2026-11-20,55.25,58.51,56.88,33,727,0.2313919635009765,775.6300048828125,0.043,55.42608366004572,1.453916339954283,2.556111708780385,1.453916339954283
call,734.0,0.0986301369863013,36,2026-09-11,47.33,50.34,48.835,41,44,0.2462233581542968,775.6300048828125,0.043,47.38493231771224,1.4500676822877594,2.9693205329942853,1.4500676822877594
call,764.0,0.1945205479452054,71,2026-10-16,30.7,32.27,31.485,30,280,0.189186575012207,775.6300048828125,0.043,32.93393367039022,-1.4489336703902183,-4.6019808492622465,1.4489336703902183
call,670.0,0.1945205479452054,71,2026-10-16,111.08,114.98,113.03,48,486,0.3334112069702148,775.6300048828125,0.043,111.58290293786706,1.44709706213294,1.2802769726027956,1.44709706213294
call,865.0,0.1945205479452054,71,2026-10-16,1.03,1.07,1.05,250,649,0.1463708410644531,775.6300048828125,0.043,2.492109918444797,-1.4421099184447967,-137.3438017566473,1.4421099184447967
call,820.0,0.0986301369863013,36,2026-09-11,2.29,2.33,2.31,39,155,0.148446015625,775.6300048828125,0.043,3.7490383062938974,-1.4390383062938974,-62.29603057549339,1.4390383062938974
put,716.0,0.0986301369863013,36,2026-09-11,2.36,2.4,2.38,4,129,0.1982807223510742,775.6300048828125,0.043,0.9506127658825605,1.4293872341174394,60.058287147791575,1.4293872341174394
call,724.0,0.0986301369863013,36,2026-09-11,55.94,59.37,57.655,2,0,0.2656933782958984,775.6300048828125,0.043,56.22898698712993,1.4260130128700723,2.4733553254185625,1.4260130128700723
call,739.0,0.0986301369863013,36,2026-09-11,42.88,46.3,44.59,1,6,0.2413863703918456,775.6300048828125,0.043,43.16419370008191,1.4258062999180936,3.1975920608165365,1.4258062999180936
put,744.0,0.1945205479452054,71,2026-10-16,9.87,9.93,9.9,51,110,0.1645591357421875,775.6300048828125,0.043,8.48026083502657,1.4197391649734303,14.340799646196265,1.4197391649734303
put,743.0,0.1945205479452054,71,2026-10-16,9.61,9.67,9.64,74,504,0.1648643084716797,775.6300048828125,0.043,8.22189479533165,1.4181052046683504,14.710634903198654,1.4181052046683504
put,713.0,0.0986301369863013,36,2026-09-11,2.18,2.21,2.1950000000000003,6,41,0.2013629669189452,775.6300048828125,0.043,0.7861593728883634,1.408840627111637,64.1840832397101,1.408840627111637
put,714.0,0.0986301369863013,36,2026-09-11,2.23,2.26,2.245,28,80,0.2000507241821288,775.6300048828125,0.043,0.8380786015581165,1.4069213984418836,62.66910460765628,1.4069213984418836
put,780.0,0.1945205479452054,71,2026-10-16,20.56,20.64,20.6,387,465,0.1328516891479492,775.6300048828125,0.043,22.006348970999568,-1.4063489709995665,-6.8269367524250795,1.4063489709995665
put,709.0,0.0986301369863013,36,2026-09-11,1.99,2.03,2.01,35,39,0.2067340069580077,775.6300048828125,0.043,0.6047923984630046,1.4052076015369952,69.91082594711419,1.4052076015369952
call,757.0,0.1945205479452054,71,2026-10-16,34.94,36.9,35.92,38,187,0.1937336486816406,775.6300048828125,0.043,37.324828715757405,-1.4048287157574038,-3.910993083957137,1.4048287157574038
call,730.0,0.0986301369863013,36,2026-09-11,50.62,53.91,52.265,50,53,0.2537611245727539,775.6300048828125,0.043,50.8634790398803,1.4015209601196972,2.6815669379502483,1.4015209601196972
put,708.0,0.0986301369863013,36,2026-09-11,1.94,1.98,1.96,26,51,0.2078631460571288,775.6300048828125,0.043,0.5654824397279405,1.3945175602720594,71.1488551159214,1.3945175602720594
put,711.0,0.0986301369863013,36,2026-09-11,2.06,2.1,2.08,206,738,0.2036212451171875,775.6300048828125,0.043,0.6904363925832371,1.389563607416763,66.80594266426745,1.389563607416763
put,707.0,0.0986301369863013,36,2026-09-11,1.9,1.93,1.915,192,206,0.2089617678833007,775.6300048828125,0.043,0.5283768389017567,1.3866231610982434,72.40852016178816,1.3866231610982434
put,746.0,0.1945205479452054,71,2026-10-16,10.36,10.43,10.395,2,289,0.1636283589172363,775.6300048828125,0.043,9.014549719692667,1.3804502803073326,13.279944976501518,1.3804502803073326
call,690.0,0.0986301369863013,36,2026-09-11,88.47,91.69,90.08,2,1,0.3419865606689453,775.6300048828125,0.043,88.7001221602585,1.3798778397414964,1.5318359677414481,1.3798778397414964
put,712.0,0.0986301369863013,36,2026-09-11,2.09,2.14,2.115,1,75,0.2021258987426757,775.6300048828125,0.043,0.7369830806652189,1.3780169193347813,65.15446427114804,1.3780169193347813
call,655.0,0.0986301369863013,36,2026-09-11,123.11,126.46,124.785,1,1,0.43945873046875,775.6300048828125,0.043,123.4076135618136,1.3773864381863916,1.1038076997927568,1.3773864381863916
put,705.0,0.0986301369863013,36,2026-09-11,1.82,1.85,1.835,21,471,0.2116167706298827,775.6300048828125,0.043,0.46038504404292624,1.3746149559570737,74.91089678240184,1.3746149559570737
put,717.0,0.0986301369863013,36,2026-09-11,2.36,2.41,2.385,6,155,0.1959614096069336,775.6300048828125,0.043,1.0114677638252374,1.3735322361747624,57.590450154078084,1.3735322361747624
put,710.0,0.0986301369863013,36,2026-09-11,2.0,2.03,2.015,12,205,0.2042926251220702,775.6300048828125,0.043,0.6464087480993399,1.3685912519006602,67.92016138464815,1.3685912519006602
put,715.0,0.0986301369863013,36,2026-09-11,2.24,2.28,2.26,4,274,0.1980060668945312,775.6300048828125,0.043,0.8928568235563787,1.367143176443621,60.49306090458501,1.367143176443621
put,706.0,0.0986301369863013,36,2026-09-11,1.84,1.88,1.86,27,25,0.2100298724365234,775.6300048828125,0.043,0.4933764534068459,1.3666235465931542,73.4743842254384,1.3666235465931542
put,704.0,0.0986301369863013,36,2026-09-11,1.78,1.81,1.795,20,39,0.2128679788208007,775.6300048828125,0.043,0.42930928165634086,1.365690718343659,76.08304837569132,1.365690718343659
put,703.0,0.0986301369863013,36,2026-09-11,1.74,1.78,1.76,3,265,0.2144243597412109,775.6300048828125,0.043,0.40005874773509476,1.3599412522649053,77.26938933323325,1.3599412522649053
put,719.0,0.0986301369863013,36,2026-09-11,2.48,2.52,2.5,14,33,0.1933064068603515,775.6300048828125,0.043,1.1429728860320694,1.3570271139679306,54.28108455871723,1.3570271139679306
put,702.0,0.0986301369863013,36,2026-09-11,1.71,1.74,1.725,162,306,0.2156145333862305,775.6300048828125,0.043,0.3725459291607791,1.352454070839221,78.40313454140411,1.352454070839221
call,900.0,0.2904109589041095,106,2026-11-20,0.88,0.91,0.895,2705,1984,0.1496667065429687,775.6300048828125,0.043,2.247253131508174,-1.3522531315081738,-151.08973536404176,1.3522531315081738
put,723.0,0.0986301369863013,36,2026-09-11,2.78,2.82,2.8,4,49,0.1891560577392578,775.6300048828125,0.043,1.448782307290223,1.3512176927097768,48.25777473963489,1.3512176927097768
put,718.0,0.0986301369863013,36,2026-09-11,2.41,2.44,2.425,1,225,0.1940998559570312,775.6300048828125,0.043,1.0755456916899604,1.3494543083100394,55.64760034268205,1.3494543083100394
put,793.0,0.1945205479452054,71,2026-10-16,26.39,28.96,27.675,4,0,0.1365595378112793,775.6300048828125,0.043,29.023659221147682,-1.348659221147681,-4.873204051120799,1.348659221147681
put,721.0,0.0986301369863013,36,2026-09-11,2.61,2.66,2.635,4,24,0.1911091632080078,775.6300048828125,0.043,1.2883922183553267,1.346607781644673,51.10465964495914,1.346607781644673
call,925.0,0.3671232876712328,134,2026-12-18,0.82,0.85,0.835,8,1142,0.1512536047363281,775.6300048828125,0.043,2.1769995675856464,-1.3419995675856464,-160.71851108810137,1.3419995675856464
call,777.0,0.0986301369863013,36,2026-09-11,15.98,16.14,16.060000000000002,126,156,0.1678550012207031,775.6300048828125,0.043,17.397312297521182,-1.33731229752118,-8.326975700630012,1.33731229752118
put,815.0,0.1945205479452054,71,2026-10-16,40.37,43.67,42.02,6,2,0.1230403858947754,775.6300048828125,0.043,43.35443497470408,-1.3344349747040738,-3.175713885540395,1.3344349747040738
put,720.0,0.0986301369863013,36,2026-09-11,2.52,2.57,2.545,9,419,0.1917805432128906,775.6300048828125,0.043,1.2138780613671116,1.3311219386328883,52.3034160563021,1.3311219386328883
put,700.0,0.0986301369863013,36,2026-09-11,1.63,1.66,1.645,6,558,0.2179643634033203,775.6300048828125,0.043,0.32239784210771916,1.3226021578922809,80.40134698433317,1.3226021578922809
put,701.0,0.0986301369863013,36,2026-09-11,1.65,1.68,1.665,23,106,0.2161943615722656,775.6300048828125,0.043,0.34668620736008293,1.318313792639917,79.17800556395899,1.318313792639917
call,735.0,0.3671232876712328,134,2026-12-18,63.82,65.82,64.82,8,4050,0.2306824369049072,775.6300048828125,0.043,63.50544796760812,1.3145520323918731,2.0280037525329733,1.3145520323918731
put,722.0,0.0986301369863013,36,2026-09-11,2.66,2.7,2.68,1,199,0.1893391613769531,775.6300048828125,0.043,1.3666485444833398,1.3133514555166603,49.005651325248515,1.3133514555166603
put,699.0,0.0986301369863013,36,2026-09-11,1.59,1.63,1.61,33,194,0.2193681579589843,775.6300048828125,0.043,0.2996019502416978,1.3103980497583023,81.39118321480137,1.3103980497583023
put,745.0,0.1945205479452054,71,2026-10-16,10.02,10.08,10.05,50,6046,0.1632621516418457,775.6300048828125,0.043,8.744459833506511,1.3055401664934898,12.990449417845667,1.3055401664934898
call,770.0,0.2904109589041095,106,2026-11-20,34.69,35.05,34.87,6,4713,0.1915974395751953,775.6300048828125,0.043,36.175051030543045,-1.3050510305430478,-3.742618384121158,1.3050510305430478
call,702.0,0.1945205479452054,71,2026-10-16,81.16,84.0,82.58,1,74,0.2706676937866211,775.6300048828125,0.043,81.28111830553894,1.298881694461059,1.5728768399867512,1.298881694461059
put,778.0,0.1945205479452054,71,2026-10-16,19.69,19.78,19.735,3,4,0.1344385873413086,775.6300048828125,0.043,21.027875599060508,-1.2928755990605083,-6.551181145480153,1.2928755990605083
put,755.0,0.2904109589041095,106,2026-11-20,16.45,16.54,16.494999999999997,16,2608,0.1540077886199951,775.6300048828125,0.043,15.205809686929626,1.289190313070371,7.815643001335988,1.289190313070371
put,696.0,0.0986301369863013,36,2026-09-11,1.51,1.54,1.525,16,241,0.2235185070800781,775.6300048828125,0.043,0.23942255951931735,1.2855774404806826,84.30016003152018,1.2855774404806826
call,775.0,0.0986301369863013,36,2026-09-11,16.97,17.32,17.145,5,305,0.16993017578125,775.6300048828125,0.043,18.428241379971155,-1.2832413799711553,-7.48463913660633,1.2832413799711553
call,690.0,0.1945205479452054,71,2026-10-16,92.28,95.12,93.7,6,1181,0.2890085748291014,775.6300048828125,0.043,92.42123947977939,1.2787605202206151,1.3647390824126093,1.2787605202206151
put,698.0,0.0986301369863013,36,2026-09-11,1.54,1.57,1.5550000000000002,2,81,0.2198564343261718,775.6300048828125,0.043,0.2782224795576518,1.2767775204423484,82.10787912812529,1.2767775204423484
call,732.0,0.1945205479452054,71,2026-10-16,56.52,56.98,56.75,1,30,0.2247086807250976,775.6300048828125,0.043,55.47418703795472,1.2758129620452792,2.248128567480668,1.2758129620452792
put,795.0,0.2904109589041095,106,2026-11-20,31.94,32.28,32.11,1,32,0.124734094543457,775.6300048828125,0.043,33.38206234107133,-1.272062341071333,-3.9615768952704236,1.272062341071333
put,724.0,0.0986301369863013,36,2026-09-11,2.78,2.83,2.805,58,38,0.1867146759033203,775.6300048828125,0.043,1.5349307402133334,1.2700692597866667,45.278761489720736,1.2700692597866667
call,712.0,0.1945205479452054,71,2026-10-16,72.16,74.98,73.57,1,11,0.2566602655029296,775.6300048828125,0.043,72.30011992856157,1.269880071438422,1.7260840987337531,1.269880071438422
put,805.0,0.1945205479452054,71,2026-10-16,34.47,35.96,35.215,6,9,0.1248409049987792,775.6300048828125,0.043,36.47792758540879,-1.2629275854087894,-3.586334191136701,1.2629275854087894
put,697.0,0.0986301369863013,36,2026-09-11,1.5,1.54,1.52,4,35,0.2211991943359375,775.6300048828125,0.043,0.25818617815608036,1.2618138218439197,83.01406722657366,1.2618138218439197
call,735.0,0.0986301369863013,36,2026-09-11,46.11,49.47,47.79,2,5,0.2445449081420898,775.6300048828125,0.043,46.52895857134354,1.261041428656462,2.63871401685805,1.261041428656462
call,762.0,0.1945205479452054,71,2026-10-16,32.67,33.12,32.895,235,257,0.1871495470428467,775.6300048828125,0.043,34.1554988716083,-1.2604988716082985,-3.8318859146019104,1.2604988716082985
put,695.0,0.0986301369863013,36,2026-09-11,1.47,1.49,1.48,4,383,0.2241898870849609,775.6300048828125,0.043,0.22186386359898336,1.2581361364010166,85.0091984054741,1.2581361364010166
put,725.0,0.0986301369863013,36,2026-09-11,2.86,2.9,2.88,19,370,0.1854329504394531,775.6300048828125,0.043,1.6252329211533834,1.2547670788466165,43.568301348840855,1.2547670788466165
call,776.0,0.0986301369863013,36,2026-09-11,16.45,16.86,16.655,1,73,0.1702506071472168,775.6300048828125,0.043,17.90796485154158,-1.2529648515415772,-7.5230552479230095,1.2529648515415772
call,710.0,0.1945205479452054,71,2026-10-16,73.91,76.73,75.32,7,973,0.2590253541564942,775.6300048828125,0.043,74.07048866217588,1.2495113378241172,1.6589369859587324,1.2495113378241172
put,835.0,0.3671232876712328,134,2026-12-18,60.41,63.85,62.13,1,0,0.1175320181274414,775.6300048828125,0.043,60.88058536557742,1.2494146344225854,2.010968347694488,1.2494146344225854
call,645.0,0.1945205479452054,71,2026-10-16,135.68,138.98,137.32999999999998,1,231,0.3768067691040039,775.6300048828125,0.043,136.0835826019702,1.2464173980297915,0.907607513310851,1.2464173980297915
call,714.0,0.1945205479452054,71,2026-10-16,70.04,73.53,71.785,1,9,0.2571638005065917,775.6300048828125,0.043,70.54387078435411,1.2411292156458842,1.7289534243168967,1.2411292156458842
put,726.0,0.0986301369863013,36,2026-09-11,2.94,2.98,2.96,60,278,0.1843343286132812,775.6300048828125,0.043,1.7198296438882608,1.2401703561117392,41.89764716593714,1.2401703561117392
put,790.0,0.2904109589041095,106,2026-11-20,29.33,29.46,29.395,18,190,0.1269465968322753,775.6300048828125,0.043,30.629282675579134,-1.2342826755791343,-4.198954501034646,1.2342826755791343
call,732.0,0.0986301369863013,36,2026-09-11,48.59,52.1,50.345,38,66,0.249732844543457,775.6300048828125,0.043,49.11357360543445,1.2314263945655455,2.4459755577823925,1.2314263945655455
put,694.0,0.0986301369863013,36,2026-09-11,1.42,1.45,1.435,17,6662,0.2251664398193359,775.6300048828125,0.043,0.20544501419588634,1.2295549858041137,85.68327427206367,1.2295549858041137
put,693.0,0.0986301369863013,36,2026-09-11,1.39,1.42,1.4049999999999998,1,265,0.2264481652832031,775.6300048828125,0.043,0.19010357291523583,1.214896427084764,86.46949658966292,1.214896427084764
put,727.0,0.0986301369863013,36,2026-09-11,3.01,3.05,3.03,25,46,0.1829915686035156,775.6300048828125,0.043,1.8188632824873423,1.2111367175126575,39.97150882880058,1.2111367175126575
call,635.0,0.1945205479452054,71,2026-10-16,145.69,148.65,147.17000000000002,1,4352,0.3944762701416016,775.6300048828125,0.043,145.95987095083524,1.2101290491647774,0.8222661202451431,1.2101290491647774
call,747.0,0.0191780821917808,7,2026-08-13,30.62,31.04,30.83,4,254,0.2403030072021484,775.6300048828125,0.043,29.6223111533792,1.2076888466207976,3.9172521784651235,1.2076888466207976
put,690.0,0.0986301369863013,36,2026-09-11,1.35,1.36,1.355,114,133,0.2311478253173828,775.6300048828125,0.043,0.14995782823079296,1.205042171769207,88.93300160658355,1.205042171769207
call,870.0,0.1945205479452054,71,2026-10-16,0.89,0.93,0.91,174,333,0.1483849810791015,775.6300048828125,0.043,2.1098484510430424,-1.1998484510430423,-131.85147813659805,1.1998484510430423
put,692.0,0.0986301369863013,36,2026-09-11,1.36,1.39,1.375,13,164,0.2276688562011718,775.6300048828125,0.043,0.17577968997921545,1.1992203100207846,87.21602254696616,1.1992203100207846
put,691.0,0.0986301369863013,36,2026-09-11,1.34,1.37,1.355,17,14,0.2292557543945312,775.6300048828125,0.043,0.16241605217713584,1.1925839478228641,88.01357548508223,1.1925839478228641
put,728.0,0.0986301369863013,36,2026-09-11,3.09,3.13,3.11,1,264,0.1817708776855468,775.6300048828125,0.043,1.92247764891124,1.1875223510887598,38.183998427291314,1.1875223510887598
call,755.0,0.0986301369863013,36,2026-09-11,31.18,32.82,32.0,2,100,0.2116167706298827,775.6300048828125,0.043,30.812583101367068,1.1874168986329323,3.7106778082279135,1.1874168986329323
call,930.0,0.3671232876712328,134,2026-12-18,0.73,0.76,0.745,7,93,0.1522301574707031,775.6300048828125,0.043,1.9291071113619722,-1.184107111361972,-158.9405518606674,1.184107111361972
call,756.0,0.1945205479452054,71,2026-10-16,35.98,37.61,36.795,53,510,0.1945881323242187,775.6300048828125,0.043,37.978223943999694,-1.1832239439996926,-3.2157193749142348,1.1832239439996926
put,800.0,0.2904109589041095,106,2026-11-20,35.03,35.15,35.09,31,173,0.1215908154296875,775.6300048828125,0.043,36.26851003858076,-1.1785100385807539,-3.358535305160313,1.1785100385807539
call,905.0,0.2904109589041095,106,2026-11-20,0.77,0.8,0.785,35,900,0.1507653283691406,775.6300048828125,0.043,1.9597272979249922,-1.174727297924992,-149.64678954458498,1.174727297924992
put,731.0,0.0986301369863013,36,2026-09-11,3.41,3.46,3.435,11,36,0.1794515649414062,775.6300048828125,0.043,2.2622616295493714,1.1727383704506287,34.1408550349528,1.1727383704506287
put,729.0,0.0986301369863013,36,2026-09-11,3.17,3.22,3.1950000000000003,3,178,0.1807027731323242,775.6300048828125,0.043,2.0308178440023568,1.1641821559976435,36.437626165810435,1.1641821559976435
put,747.0,0.1945205479452054,71,2026-10-16,10.41,10.47,10.44,109,249,0.1613395634460449,775.6300048828125,0.043,9.290586995859456,1.149413004140543,11.009703104794474,1.149413004140543
put,732.0,0.0986301369863013,36,2026-09-11,3.51,3.56,3.535,14,41,0.1784139776611328,775.6300048828125,0.043,2.385660437367548,1.149339562632452,32.51314180006936,1.149339562632452
call,742.0,0.0191780821917808,7,2026-08-13,33.92,37.22,35.57,3,27,0.308478594970703,775.6300048828125,0.043,34.424736325090635,1.1452636749093656,3.219746063844154,1.1452636749093656
put,730.0,0.0986301369863013,36,2026-09-11,3.26,3.31,3.285,12,454,0.1795736340332031,775.6300048828125,0.043,2.1440301021009702,1.14096989789903,34.73272139723074,1.14096989789903
put,775.0,0.1945205479452054,71,2026-10-16,18.43,18.52,18.475,57,544,0.1365747964477539,775.6300048828125,0.043,19.611245817642782,-1.1362458176427808,-6.150180339067825,1.1362458176427808
call,730.0,0.1945205479452054,71,2026-10-16,57.38,59.04,58.21,1,819,0.2304917039489746,775.6300048828125,0.043,57.07581267053581,1.13418732946419,1.948440696554183,1.13418732946419
call,774.0,0.0986301369863013,36,2026-09-11,17.63,18.03,17.83,64,98,0.1720358676147461,775.6300048828125,0.043,18.958141118726473,-1.1281411187264752,-6.327207620451347,1.1281411187264752
put,733.0,0.0986301369863013,36,2026-09-11,3.62,3.66,3.64,2,470,0.1772848385620117,775.6300048828125,0.043,2.5143751684127693,1.1256248315872308,30.923759109539304,1.1256248315872308
call,745.0,0.0191780821917808,7,2026-08-13,32.22,33.07,32.645,12,195,0.2526319854736328,775.6300048828125,0.043,31.528721622949888,1.116278377050115,3.419446705621427,1.116278377050115
put,685.0,0.0986301369863013,36,2026-09-11,1.2,1.23,1.215,97,6086,0.2375564526367187,775.6300048828125,0.043,0.09949521953476737,1.1155047804652327,91.81109304240597,1.1155047804652327
call,737.0,0.0986301369863013,36,2026-09-11,44.32,47.57,45.945,24,45,0.2390517990112304,775.6300048828125,0.043,44.83445193887337,1.1105480611266287,2.4171249562011723,1.1105480611266287
call,771.0,0.0986301369863013,36,2026-09-11,17.74,21.25,19.495,1,162,0.1888508850097656,775.6300048828125,0.043,20.605486760650592,-1.1104867606505913,-5.696264481408521,1.1104867606505913
put,765.0,0.3671232876712328,134,2026-12-18,22.29,22.38,22.335,6,5003,0.1461495908355712,775.6300048828125,0.043,21.231794688375317,1.1032053116246843,4.939356667224913,1.1032053116246843
call,719.0,0.1945205479452054,71,2026-10-16,65.73,68.89,67.31,2,7,0.2481459463500976,775.6300048828125,0.043,66.21904205017972,1.0909579498202788,1.6207962410047225,1.0909579498202788
call,754.0,0.1945205479452054,71,2026-10-16,37.24,39.19,38.215,6,572,0.1974414973449706,775.6300048828125,0.043,39.304249225290334,-1.089249225290331,-2.8503185275162393,1.089249225290331
call,755.0,0.1945205479452054,71,2026-10-16,36.74,38.36,37.55,2,3277,0.1957172714233398,775.6300048828125,0.043,38.63804412951919,-1.08804412951919,-2.8975875619685487,1.08804412951919
put,734.0,0.0986301369863013,36,2026-09-11,3.71,3.76,3.735,54,67,0.1760946649169922,775.6300048828125,0.043,2.64855491935775,1.08644508064225,29.08822170394244,1.08644508064225
call,754.0,0.0191780821917808,7,2026-08-13,24.07,24.44,24.255000000000003,30,119,0.2122271160888671,775.6300048828125,0.043,23.17236466142151,1.0826353385784913,4.463555302323196,1.0826353385784913
call,741.0,0.0191780821917808,7,2026-08-13,34.89,38.06,36.475,21,7,0.3092110095214844,775.6300048828125,0.043,35.39796828045996,1.077031719540038,2.952794296202983,1.077031719540038
call,753.0,0.1945205479452054,71,2026-10-16,37.96,39.86,38.91,2,190,0.1978839978027343,775.6300048828125,0.043,39.97679738159462,-1.0667973815946254,-2.7417049128620548,1.0667973815946254
call,749.0,0.0191780821917808,7,2026-08-13,27.26,30.34,28.8,2,27,0.2695995892333984,775.6300048828125,0.043,27.740126191041554,1.0598738089584465,3.680117392216828,1.0598738089584465
put,835.0,0.1945205479452054,71,2026-10-16,58.32,61.16,59.74,1,1,0.1238490936279296,775.6300048828125,0.043,58.68417605426896,1.055823945731042,1.7673651585722163,1.055823945731042
put,680.0,0.0986301369863013,36,2026-09-11,1.1,1.13,1.115,13,133,0.244575425415039,775.6300048828125,0.043,0.06476579419397277,1.0502342058060272,94.1914085924688,1.0502342058060272
call,738.0,0.0986301369863013,36,2026-09-11,43.32,46.77,45.045,82,86,0.2381973153686523,775.6300048828125,0.043,43.99621743751152,1.0487825624884834,2.3282996170240504,1.0487825624884834
call,756.0,0.0986301369863013,36,2026-09-11,28.06,30.07,29.065,12,51,0.1883931259155273,775.6300048828125,0.043,30.10739517868069,-1.0423951786806889,-3.5864275887861305,1.0423951786806889
call,752.0,0.1945205479452054,71,2026-10-16,38.57,40.67,39.620000000000005,4,474,0.1993946028137206,775.6300048828125,0.043,40.65564497677485,-1.0356449767748472,-2.61394491866443,1.0356449767748472
call,875.0,0.1945205479452054,71,2026-10-16,0.73,0.76,0.745,16,607,0.1486291192626953,775.6300048828125,0.043,1.779806525083508,-1.034806525083508,-138.9002047091957,1.034806525083508
call,910.0,0.2904109589041095,106,2026-11-20,0.66,0.69,0.675,1,93,0.151375673828125,775.6300048828125,0.043,1.7053871234901479,-1.0303871234901478,-152.64994422076262,1.0303871234901478
call,751.0,0.0191780821917808,7,2026-08-13,26.62,27.21,26.915,2,146,0.2229691961669921,775.6300048828125,0.043,25.886836368477475,1.0281636315225242,3.8200395003623417,1.0281636315225242
call,725.0,0.1945205479452054,71,2026-10-16,61.21,63.17,62.19,14,385,0.2355728298950195,775.6300048828125,0.043,61.16431774664409,1.0256822533559102,1.6492719944619878,1.0256822533559102
call,752.0,0.0191780821917808,7,2026-08-13,25.69,26.28,25.985,77,133,0.2193071234130859,775.6300048828125,0.043,24.972608638871407,1.0123913611285928,3.8960606547184637,1.0123913611285928
call,765.0,0.0986301369863013,36,2026-09-11,23.0,23.3,23.15,189,187,0.1756826817321777,775.6300048828125,0.043,24.157348428105934,-1.007348428105935,-4.351397097649827,1.007348428105935
call,765.0,0.2904109589041095,106,2026-11-20,37.88,38.21,38.045,8,4518,0.1949848568725585,775.6300048828125,0.043,39.04872202137193,-1.003722021371928,-2.6382494976263056,1.003722021371928
put,748.0,0.1945205479452054,71,2026-10-16,10.54,10.61,10.575,11,215,0.1598594757080078,775.6300048828125,0.043,9.57262669375254,1.0023733062474598,9.478707387682835,1.0023733062474598
call,760.0,0.0191780821917808,7,2026-08-13,18.84,19.26,19.05,144,465,0.1966633068847656,775.6300048828125,0.043,18.049298735099796,1.0007012649002043,5.2530250125994975,1.0007012649002043
call,740.0,0.0191780821917808,7,2026-08-13,37.04,37.71,37.375,1,289,0.266608896484375,775.6300048828125,0.043,36.374482459682895,1.0005175403171052,2.676970007537405,1.0005175403171052
call,760.0,0.3671232876712328,134,2026-12-18,44.83,46.84,45.835,119,8709,0.2058947819519042,775.6300048828125,0.043,46.826650563589226,-0.991650563589225,-2.1635225561017233,0.991650563589225
call,761.0,0.0191780821917808,7,2026-08-13,18.04,18.43,18.235,22,220,0.1942219250488281,775.6300048828125,0.043,17.243732660509068,0.9912673394909319,5.436069862851286,0.9912673394909319
put,736.0,0.0986301369863013,36,2026-09-11,3.89,3.94,3.915,13,135,0.173287075805664,775.6300048828125,0.043,2.9339070351978904,0.9810929648021096,25.0598458442429,0.9810929648021096
call,740.0,0.3671232876712328,134,2026-12-18,59.37,62.47,60.92,11,6666,0.2290573921203613,775.6300048828125,0.043,59.94284482018497,0.9771551798150284,1.6039973404711563,0.9771551798150284
put,675.0,0.0986301369863013,36,2026-09-11,1.0,1.03,1.015,13,135,0.2511061218261718,775.6300048828125,0.043,0.04133869471600882,0.9736613052839911,95.92722219546711,0.9736613052839911
put,749.0,0.1945205479452054,71,2026-10-16,10.79,10.86,10.825,125,180,0.159264388885498,775.6300048828125,0.043,9.86072233196279,0.9642776680372087,8.907876840990381,0.9642776680372087
put,735.0,0.0986301369863013,36,2026-09-11,3.72,3.77,3.745,14,195,0.1734091448974609,775.6300048828125,0.043,2.7883490578452523,0.9566509421547478,25.544751459405813,0.9566509421547478
call,760.0,0.1945205479452054,71,2026-10-16,34.33,34.61,34.47,34,8269,0.1897206272888184,775.6300048828125,0.043,35.403565605870654,-0.9335656058706547,-2.7083423436920646,0.9335656058706547
put,670.0,0.0986301369863013,36,2026-09-11,0.93,0.95,0.94,114,30,0.2581861291503906,775.6300048828125,0.043,0.025857681322206005,0.9141423186777939,97.24918283806319,0.9141423186777939
call,741.0,0.0986301369863013,36,2026-09-11,40.81,44.05,42.43,29,59,0.2313004116821289,775.6300048828125,0.043,41.51936896720508,0.9106310327949174,2.146196164965631,0.9106310327949174
call,665.0,0.1945205479452054,71,2026-10-16,115.92,118.76,117.34,92,469,0.3288030987548828,775.6300048828125,0.043,116.44953642718178,0.89046357281822,0.7588746998621271,0.89046357281822
call,763.0,0.0986301369863013,36,2026-09-11,23.17,25.89,24.53,21,26,0.1904072659301758,775.6300048828125,0.043,25.416278966328548,-0.8862789663285469,-3.613041036806143,0.8862789663285469
put,800.0,0.3671232876712328,134,2026-12-18,37.17,37.5,37.335,28,347,0.1219112467956543,775.6300048828125,0.043,38.2188694908848,-0.8838694908847984,-2.3674018772861882,0.8838694908847984
call,706.0,0.0191780821917808,7,2026-08-13,69.48,72.71,71.095,1,1,0.4913380944824219,775.6300048828125,0.043,70.21207246164795,0.8829275383520496,1.24189821837267,0.8829275383520496
put,770.0,0.3671232876712328,134,2026-12-18,24.13,24.21,24.17,93,4544,0.1433648896789551,775.6300048828125,0.043,23.291990657719225,0.8780093422807767,3.632641052051207,0.8780093422807767
call,763.0,0.0191780821917808,7,2026-08-13,16.37,16.74,16.555,8,184,0.187935366821289,775.6300048828125,0.043,15.680583094035455,0.8744169059645444,5.281890099453605,0.8744169059645444
call,726.0,0.1945205479452054,71,2026-10-16,59.8,62.62,61.21,31,18,0.2371139521789551,775.6300048828125,0.043,60.33726277056826,0.8727372294317419,1.4258082493575264,0.8727372294317419
put,753.0,0.1945205479452054,71,2026-10-16,11.91,11.97,11.94,94,432,0.1573418006896972,775.6300048828125,0.043,11.074679424510805,0.8653205754891946,7.247241000747024,0.8653205754891946
put,737.0,0.0986301369863013,36,2026-09-11,3.93,3.97,3.95,2,21,0.1708762112426758,775.6300048828125,0.043,3.085378195087486,0.8646218049125141,21.889159618038327,0.8646218049125141
call,915.0,0.2904109589041095,106,2026-11-20,0.61,0.63,0.62,4,128,0.1533898138427734,775.6300048828125,0.043,1.4809552139216606,-0.8609552139216606,-138.86374418091302,0.8609552139216606
put,750.0,0.1945205479452054,71,2026-10-16,10.99,11.04,11.015,77,6259,0.1580589566040039,775.6300048828125,0.043,10.154925874613383,0.8600741253866175,7.8082081287936225,0.8600741253866175
put,830.0,0.2904109589041095,106,2026-11-20,56.05,58.08,57.065,20,0,0.1171810694885253,775.6300048828125,0.043,56.20554068438355,0.8594593156164478,1.50610587157881,0.8594593156164478
put,785.0,0.2904109589041095,106,2026-11-20,27.09,27.22,27.155,2,44,0.1315089291381835,775.6300048828125,0.043,28.012366555523215,-0.857366555523214,-3.1573064095864996,0.857366555523214
put,760.0,0.2904109589041095,106,2026-11-20,17.8,17.9,17.85,3,1101,0.1498955860900879,775.6300048828125,0.043,16.99782122129767,0.8521787787023314,4.774110805055078,0.8521787787023314
put,665.0,0.0986301369863013,36,2026-09-11,0.84,0.87,0.855,20,46,0.2647778601074219,775.6300048828125,0.043,0.015841454034501767,0.8391585459654982,98.1471983585378,0.8391585459654982
call,835.0,0.0986301369863013,36,2026-09-11,1.05,1.09,1.07,46,51,0.1500939483642578,775.6300048828125,0.043,1.9087358836028159,-0.8387358836028158,-78.38653117783325,0.8387358836028158
call,880.0,0.1945205479452054,71,2026-10-16,0.65,0.67,0.66,6,403,0.150948432006836,775.6300048828125,0.043,1.496033887340431,-0.836033887340431,-126.67180111218653,0.836033887340431
put,810.0,0.2904109589041095,106,2026-11-20,40.26,42.95,41.605,10,0,0.1256496127319336,775.6300048828125,0.043,42.43081098939183,-0.8258109893918331,-1.984884002864639,0.8258109893918331
call,759.0,0.0191780821917808,7,2026-08-13,19.49,19.89,19.69,78,550,0.1935505450439453,775.6300048828125,0.043,18.86989709651027,0.8201029034897296,4.1650731512937,0.8201029034897296
put,772.0,0.1945205479452054,71,2026-10-16,17.4,17.48,17.439999999999998,22,446,0.1397791101074219,775.6300048828125,0.043,18.255941988006782,-0.8159419880067844,-4.678566444993031,0.8159419880067844
call,764.0,0.0191780821917808,7,2026-08-13,15.57,15.91,15.74,1,110,0.1848226049804687,775.6300048828125,0.043,14.924392805143384,0.8156071948566161,5.181748379012809,0.8156071948566161
put,738.0,0.0986301369863013,36,2026-09-11,4.02,4.07,4.045,168,178,0.1695334512329102,775.6300048828125,0.043,3.242911578581783,0.8020884214182171,19.829132791550485,0.8020884214182171
put,660.0,0.0986301369863013,36,2026-09-11,0.79,0.81,0.8,28,55,0.2721020056152343,775.6300048828125,0.043,0.009499931268367234,0.7905000687316328,98.81250859145409,0.7905000687316328
call,665.0,0.0191780821917808,7,2026-08-13,110.4,113.53,111.965,3,3,0.5897257824707032,775.6300048828125,0.043,111.1781760853138,0.7868239146862095,0.7027409589480725,0.7868239146862095
put,740.0,0.0986301369863013,36,2026-09-11,4.34,4.38,4.359999999999999,31,618,0.1683127603149414,775.6300048828125,0.043,3.576758476093403,0.7832415239065966,17.964255135472403,0.7832415239065966
call,767.0,0.0986301369863013,36,2026-09-11,20.56,23.76,22.16,2,212,0.1922383023071289,775.6300048828125,0.043,22.935632461067883,-0.7756324610678824,-3.5001464849633686,0.7756324610678824
call,751.0,0.0986301369863013,36,2026-09-11,32.89,36.09,34.49,48,56,0.2189714334106445,775.6300048828125,0.043,33.71684387118512,0.7731561288148825,2.241682020338888,0.7731561288148825
put,739.0,0.0986301369863013,36,2026-09-11,4.15,4.2,4.175000000000001,30,133,0.1685874157714844,775.6300048828125,0.043,3.406655726008509,0.7683442739914916,18.40345566446686,0.7683442739914916
put,759.0,0.0986301369863013,36,2026-09-11,7.4,7.47,7.435,2,109,0.1448144601440429,775.6300048828125,0.043,8.201450612389948,-0.7664506123899484,-10.308683421519145,0.7664506123899484
put,751.0,0.1945205479452054,71,2026-10-16,11.18,11.26,11.22,37,252,0.1571434384155273,775.6300048828125,0.043,10.455287691412622,0.764712308587379,6.815617723595178,0.764712308587379
call,765.0,0.0191780821917808,7,2026-08-13,14.77,15.13,14.95,8,327,0.1826253613281249,775.6300048828125,0.043,14.186010803297108,0.7639891967028909,5.110295630119672,0.7639891967028909
call,750.0,0.3671232876712328,134,2026-12-18,53.03,54.8,53.915,8,26921,0.2190324679565429,775.6300048828125,0.043,53.15228768649865,0.7627123135013463,1.4146569850715873,0.7627123135013463
call,655.0,0.1945205479452054,71,2026-10-16,125.24,128.76,127.0,1,11,0.3511722598266601,775.6300048828125,0.043,126.24000801573663,0.7599919842633653,0.5984188852467444,0.7599919842633653
call,770.0,0.0986301369863013,36,2026-09-11,20.26,20.57,20.415,18,211,0.1765676826477051,775.6300048828125,0.043,21.17375807887089,-0.7587580788708905,-3.716669502184132,0.7587580788708905
call,920.0,0.2904109589041095,106,2026-11-20,0.52,0.55,0.535,7,135,0.1542442974853515,775.6300048828125,0.043,1.2833957451540172,-0.7483957451540172,-139.88705516897517,0.7483957451540172
call,740.0,0.0986301369863013,36,2026-09-11,42.0,44.15,43.075,38,320,0.2234727311706542,775.6300048828125,0.043,42.33852856531064,0.7364714346893635,1.7097421583038037,0.7364714346893635
put,810.0,0.3671232876712328,134,2026-12-18,43.25,43.58,43.415,1,6,0.1160061544799804,775.6300048828125,0.043,44.14860845870908,-0.7336084587090781,-1.6897580529979916,0.7336084587090781
put,752.0,0.1945205479452054,71,2026-10-16,11.46,11.53,11.495,152,630,0.1565788688659668,775.6300048828125,0.043,10.761856519125558,0.7331434808744408,6.377933717915971,0.7331434808744408
put,815.0,0.3671232876712328,134,2026-12-18,45.77,47.34,46.55500000000001,10,5,0.1159146026611328,775.6300048828125,0.043,47.28325686409676,-0.7282568640967497,-1.5642935540688425,0.7282568640967497
call,728.0,0.1945205479452054,71,2026-10-16,58.42,60.43,59.425,2,8,0.2302323071289062,775.6300048828125,0.043,58.69703441738545,0.7279655826145444,1.2250157048625063,0.7279655826145444
call,625.0,0.1945205479452054,71,2026-10-16,154.81,158.35,156.57999999999998,1,238,0.4122983575439453,775.6300048828125,0.043,155.8553194008632,0.7246805991367751,0.4628181115958457,0.7246805991367751
put,655.0,0.0986301369863013,36,2026-09-11,0.72,0.74,0.73,15,63,0.2784495983886719,775.6300048828125,0.043,0.005573259818653642,0.7244267401813463,99.23653975086937,0.7244267401813463
call,761.0,0.0986301369863013,36,2026-09-11,25.0,26.98,25.99,23,9,0.189186575012207,775.6300048828125,0.043,26.711906396543213,-0.7219063965432149,-2.777631383390592,0.7219063965432149
call,742.0,0.0986301369863013,36,2026-09-11,39.67,43.18,41.425,16,51,0.2294083407592773,775.6300048828125,0.043,40.706860730168046,0.7181392698319513,1.7335890641688625,0.7181392698319513
call,748.0,0.1945205479452054,71,2026-10-16,41.78,43.67,42.725,2,54,0.203209261932373,775.6300048828125,0.043,43.4330971536632,-0.7080971536631964,-1.6573368137231044,0.7080971536631964
call,727.0,0.1945205479452054,71,2026-10-16,58.81,61.63,60.22,4,4,0.2346267944335937,775.6300048828125,0.043,59.51480997718227,0.7051900228177317,1.1710229538653798,0.7051900228177317
call,749.0,0.1945205479452054,71,2026-10-16,41.09,42.96,42.025000000000006,5,355,0.2026141751098632,775.6300048828125,0.043,42.72952229130817,-0.7045222913081659,-1.6764361482645231,0.7045222913081659
put,795.0,0.3671232876712328,134,2026-12-18,34.66,34.79,34.724999999999994,5,335,0.1251308190917968,775.6300048828125,0.043,35.42881168987702,-0.7038116898770284,-2.0268155216041137,0.7038116898770284
put,770.0,0.1945205479452054,71,2026-10-16,16.65,16.73,16.689999999999998,79,3542,0.1412134219360352,775.6300048828125,0.043,17.386424628915393,-0.6964246289153948,-4.17270598511321,0.6964246289153948
call,762.0,0.0191780821917808,7,2026-08-13,16.96,17.33,17.145,2,225,0.1848836395263671,775.6300048828125,0.043,16.453924747603992,0.6910752523960078,4.03076845958593,0.6910752523960078
put,805.0,0.2904109589041095,106,2026-11-20,37.62,39.57,38.595,2,21,0.127564571609497,775.6300048828125,0.043,39.28585729079623,-0.6908572907962309,-1.7900175950154966,0.6908572907962309
call,740.0,0.1945205479452054,71,2026-10-16,49.17,50.76,49.965,191,1579,0.2183610879516601,775.6300048828125,0.043,49.27502915910895,0.6899708408910499,1.3809083176044228,0.6899708408910499
put,742.0,0.0986301369863013,36,2026-09-11,4.6,4.65,4.625,24,61,0.1662375857543945,775.6300048828125,0.043,3.936626410663223,0.6883735893367771,14.88375328295734,0.6883735893367771
call,885.0,0.1945205479452054,71,2026-10-16,0.55,0.58,0.565,27,83,0.1527184338378906,775.6300048828125,0.043,1.2530475199995408,-0.6880475199995408,-121.77832212381254,0.6880475199995408
call,766.0,0.0191780821917808,7,2026-08-13,13.96,14.33,14.145,7,149,0.179695703125,775.6300048828125,0.043,13.466060727901436,0.6789392720985639,4.799853461283591,0.6789392720985639
put,769.0,0.1945205479452054,71,2026-10-16,16.24,16.33,16.284999999999997,252,210,0.1416559223937988,775.6300048828125,0.043,16.96184610955072,-0.6768461095507234,-4.156254894385776,0.6768461095507234
put,650.0,0.0986301369863013,36,2026-09-11,0.67,0.69,0.6799999999999999,48,96,0.2856516748046874,775.6300048828125,0.043,0.003196692003406776,0.6768033079965932,99.52989823479312,0.6768033079965932
call,729.0,0.1945205479452054,71,2026-10-16,57.15,59.96,58.555,5,18,0.2323990335083007,775.6300048828125,0.043,57.88401064679579,0.670989353204213,1.1459129932614005,0.670989353204213
call,755.0,0.2904109589041095,106,2026-11-20,43.55,45.56,44.555,59,1665,0.206138920135498,775.6300048828125,0.043,45.20538254957239,-0.6503825495723916,-1.459729659011091,0.6503825495723916
put,768.0,0.1945205479452054,71,2026-10-16,15.85,15.94,15.895,1,153,0.1421289401245117,775.6300048828125,0.043,16.544038291679385,-0.6490382916793855,-4.08328588662715,0.6490382916793855
put,741.0,0.0986301369863013,36,2026-09-11,4.37,4.43,4.4,10,229,0.1660544821166992,775.6300048828125,0.043,3.7533667628441094,0.6466332371558909,14.696209935361157,0.6466332371558909
put,780.0,0.2904109589041095,106,2026-11-20,24.83,24.95,24.89,11,358,0.1347285014343262,775.6300048828125,0.043,25.532894385997054,-0.6428943859970531,-2.582942490948385,0.6428943859970531
put,645.0,0.0986301369863013,36,2026-09-11,0.63,0.65,0.64,1,22,0.2934640966796874,775.6300048828125,0.043,0.0017915534444954695,0.6382084465555046,99.7200697742976,0.6382084465555046
call,767.0,0.0191780821917808,7,2026-08-13,13.22,13.57,13.395,2,169,0.1774069076538085,775.6300048828125,0.043,12.765127992855128,0.629872007144872,4.702291953302516,0.629872007144872
call,925.0,0.2904109589041095,106,2026-11-20,0.47,0.5,0.485,17,65,0.1560753338623047,775.6300048828125,0.043,1.10990877125872,-0.6249087712587199,-128.84716933169483,0.6249087712587199
put,773.0,0.1945205479452054,71,2026-10-16,18.06,18.14,18.1,199,139,0.1410455769348144,775.6300048828125,0.043,18.700899810322483,-0.6008998103224812,-3.3198884548203376,0.6008998103224812
put,640.0,0.0986301369863013,36,2026-09-11,0.58,0.6,0.59,9,55,0.3000558276367187,775.6300048828125,0.043,0.000980451696700399,0.5890195483032996,99.83382174632197,0.5890195483032996
call,748.0,0.0191780821917808,7,2026-08-13,27.56,30.97,29.265,10,27,0.2645947564697265,775.6300048828125,0.043,28.67790956909232,0.5870904309076792,2.0061179938755482,0.5870904309076792
call,744.0,0.0191780821917808,7,2026-08-13,31.37,34.78,33.075,30,16,0.2824168438720703,775.6300048828125,0.043,32.489683335490895,0.5853166645091079,1.769664896475005,0.5853166645091079
call,744.0,0.0986301369863013,36,2026-09-11,38.03,41.34,39.685,2,84,0.2242814389038085,775.6300048828125,0.043,39.10237485117125,0.5826251488287539,1.4681243513386768,0.5826251488287539
put,767.0,0.1945205479452054,71,2026-10-16,15.52,15.61,15.565,4,926,0.1429834237670898,775.6300048828125,0.043,16.132986562858207,-0.5679865628582075,-3.649126648623241,0.5679865628582075
call,890.0,0.1945205479452054,71,2026-10-16,0.47,0.49,0.48,18,167,0.1539391247558593,775.6300048828125,0.043,1.0458325761671148,-0.5658325761671148,-117.88178670148226,0.5658325761671148
call,753.0,0.0986301369863013,36,2026-09-11,31.15,34.47,32.81,2,67,0.215553498840332,775.6300048828125,0.043,32.24823544922651,0.5617645507734892,1.7121747966275196,0.5617645507734892
call,746.0,0.0986301369863013,36,2026-09-11,36.99,39.17,38.08,1,43,0.2150957397460937,775.6300048828125,0.043,37.52620748244135,0.553792517558648,1.4542870734208193,0.553792517558648
put,754.0,0.1945205479452054,71,2026-10-16,11.91,11.98,11.945,2,736,0.1546105047607422,775.6300048828125,0.043,11.393801768771908,0.5511982312280921,4.614468239665903,0.5511982312280921
put,635.0,0.0986301369863013,36,2026-09-11,0.54,0.56,0.55,2,19,0.3071358349609374,775.6300048828125,0.043,0.0005236184818371292,0.5494763815181629,99.90479663966597,0.5494763815181629
call,746.0,0.0191780821917808,7,2026-08-13,29.54,32.69,31.115,9,30,0.2677075183105468,775.6300048828125,0.043,30.572761537087445,0.5422384629125538,1.7426915086374863,0.5422384629125538
call,930.0,0.2904109589041095,106,2026-11-20,0.41,0.43,0.42,6,42,0.1565636102294922,775.6300048828125,0.043,0.9579226499565401,-0.5379226499565402,-128.07682141822386,0.5379226499565402
call,769.0,0.0191780821917808,7,2026-08-13,11.79,12.13,11.96,4,319,0.1736532830810547,775.6300048828125,0.043,11.422437045554545,0.5375629544454554,4.494673532152637,0.5375629544454554
call,731.0,0.1945205479452054,71,2026-10-16,55.4,58.22,56.81,1,54,0.2294541166687012,775.6300048828125,0.043,56.272513888039725,0.537486111960277,0.9461117971488767,0.537486111960277
call,758.0,0.0986301369863013,36,2026-09-11,26.69,29.69,28.19,27,47,0.1982807223510742,775.6300048828125,0.043,28.722820497399084,-0.5328204973990829,-1.8901046378115745,0.5328204973990829
call,745.0,0.0986301369863013,36,2026-09-11,37.2,40.48,38.84,230,344,0.222389367980957,775.6300048828125,0.043,38.3106814512596,0.529318548740406,1.3628180966539802,0.529318548740406
put,790.0,0.3671232876712328,134,2026-12-18,32.18,32.29,32.235,4,1131,0.1285029777526855,775.6300048828125,0.043,32.75803388827626,-0.5230338882762595,-1.622565187765657,0.5230338882762595
put,770.0,0.0191780821917808,7,2026-08-13,3.96,4.03,3.995,6,73,0.1334315173339843,775.6300048828125,0.043,4.516888128934852,-0.5218881289348518,-13.063532639170258,0.5218881289348518
call,743.0,0.0986301369863013,36,2026-09-11,38.8,42.03,40.415,80,83,0.2240373007202147,775.6300048828125,0.043,39.90114836283908,0.5138516371609185,1.27143792443627,0.5138516371609185
call,650.0,0.1945205479452054,71,2026-10-16,130.25,133.09,131.67000000000002,2,92,0.3526065716552734,775.6300048828125,0.043,131.15661375366653,0.5133862463334822,0.3899037338296363,0.5133862463334822
put,743.0,0.0986301369863013,36,2026-09-11,4.61,4.67,4.640000000000001,1,75,0.1634605139160156,775.6300048828125,0.043,4.126681928190493,0.5133180718095076,11.06288947865318,0.5133180718095076
put,630.0,0.0986301369863013,36,2026-09-11,0.49,0.51,0.5,6,34,0.3131172204589844,775.6300048828125,0.043,0.0002727190542285672,0.49972728094577146,99.94545618915429,0.49972728094577146
call,743.0,0.0191780821917808,7,2026-08-13,32.33,35.57,33.95,3,18,0.2812571874999999,775.6300048828125,0.043,33.45516998743096,0.49483001256903947,1.4575258102180837,0.49483001256903947
call,736.0,0.1945205479452054,71,2026-10-16,51.3,54.34,52.82,44,49,0.2257767852783203,775.6300048828125,0.043,52.332027538421244,0.4879724615787566,0.9238403286231666,0.4879724615787566
call,753.0,0.0191780821917808,7,2026-08-13,23.81,25.3,24.555,14,159,0.2139971179199218,775.6300048828125,0.043,24.06755242399754,0.48744757600245947,1.985125538596862,0.48744757600245947
put,745.0,0.0986301369863013,36,2026-09-11,4.98,5.05,5.015000000000001,72,1009,0.1625907716369629,775.6300048828125,0.043,4.527750786323367,0.487249213676634,9.71583676324295,0.487249213676634
call,759.0,0.0986301369863013,36,2026-09-11,26.55,28.57,27.56,27,77,0.1929554582214355,775.6300048828125,0.043,28.04363088933917,-0.483630889339171,-1.7548290614628845,0.483630889339171
put,765.0,0.2904109589041095,106,2026-11-20,19.35,19.46,19.405,20,925,0.1462335133361816,775.6300048828125,0.043,18.925048920585823,0.47995107941417814,2.4733371781199596,0.47995107941417814
call,744.0,0.1945205479452054,71,2026-10-16,44.84,46.82,45.83,27,231,0.2077105596923827,775.6300048828125,0.043,46.30741329719888,-0.47741329719887915,-1.0417047724173667,0.47741329719887915
call,742.0,0.1945205479452054,71,2026-10-16,46.65,49.85,48.25,26,164,0.221763763885498,775.6300048828125,0.043,47.77979586723882,0.47020413276118234,0.9745163373288753,0.47020413276118234
call,755.0,0.3671232876712328,134,2026-12-18,48.05,50.87,49.46,3,4844,0.2129213840484619,775.6300048828125,0.043,49.930172579281134,-0.4701725792811331,-0.9506117656310817,0.4701725792811331
put,625.0,0.0986301369863013,36,2026-09-11,0.46,0.48,0.47,5,102,0.3205634350585937,775.6300048828125,0.043,0.0001384335577175183,0.46986156644228244,99.97054605154946,0.46986156644228244
put,744.0,0.0986301369863013,36,2026-09-11,4.76,4.82,4.79,3,108,0.1625144784545898,775.6300048828125,0.043,4.32367630137901,0.46632369862099043,9.735359052630281,0.46632369862099043
put,755.0,0.1945205479452054,71,2026-10-16,12.15,12.22,12.185,15,4173,0.1536949865722656,775.6300048828125,0.043,11.719267173566095,0.46573282643390534,3.8221815874756286,0.46573282643390534
call,735.0,0.0191780821917808,7,2026-08-13,40.11,43.41,41.76,1,10,0.3208075732421874,775.6300048828125,0.043,41.29490564983246,0.46509435016753997,1.1137316814356801,0.46509435016753997
call,754.0,0.0986301369863013,36,2026-09-11,30.29,33.68,31.985,35,22,0.2139971179199218,775.6300048828125,0.043,31.52623286136486,0.45876713863513885,1.4343196455686693,0.45876713863513885
call,745.0,0.1945205479452054,71,2026-10-16,43.44,46.82,45.13,204,1653,0.2130053065490723,775.6300048828125,0.043,45.57994179511354,-0.4499417951135385,-0.996990461142341,0.4499417951135385
put,766.0,0.1945205479452054,71,2026-10-16,15.24,15.33,15.285,124,117,0.1441583387756347,775.6300048828125,0.043,15.728674269858459,-0.4436742698584588,-2.9026775914848466,0.4436742698584588
call,750.0,0.0191780821917808,7,2026-08-13,26.3,28.2,27.25,39,354,0.2284623052978515,775.6300048828125,0.043,26.80955965623923,0.4404403437607698,1.6162948394890635,0.4404403437607698
call,895.0,0.1945205479452054,71,2026-10-16,0.42,0.44,0.43,2,335,0.1565025756835937,775.6300048828125,0.043,0.8698351466255012,-0.4398351466255012,-102.28724340127935,0.4398351466255012
call,770.0,0.0191780821917808,7,2026-08-13,11.04,11.4,11.22,16,622,0.1710593148803711,775.6300048828125,0.043,10.781617561955102,0.43838243804489885,3.90715185423261,0.43838243804489885
call,760.0,0.0986301369863013,36,2026-09-11,25.47,28.4,26.935,1,159,0.1977619287109375,775.6300048828125,0.043,27.373297114043226,-0.4382971140432268,-1.6272400744133164,0.4382971140432268
call,775.0,0.0191780821917808,7,2026-08-13,7.39,7.53,7.46,15,216,0.148446015625,775.6300048828125,0.043,7.896499875282302,-0.43649987528230216,-5.851204762497348,0.43649987528230216
put,775.0,0.3671232876712328,134,2026-12-18,25.85,25.97,25.91,5,1675,0.1394891960144043,775.6300048828125,0.043,25.47464643523375,0.435353564766249,1.6802530481136588,0.435353564766249
call,733.0,0.1945205479452054,71,2026-10-16,53.7,56.52,55.11,1,176,0.2267838552856445,775.6300048828125,0.043,54.680904143211706,0.4290958567882939,0.7786170509676898,0.4290958567882939
call,771.0,0.0191780821917808,7,2026-08-13,10.41,10.77,10.59,1,153,0.1702658657836914,775.6300048828125,0.043,10.161685115933608,0.42831488406639195,4.044522040286988,0.42831488406639195
call,757.0,0.0986301369863013,36,2026-09-11,27.99,29.98,28.985,5,82,0.1945270977783203,775.6300048828125,0.043,29.410774058259676,-0.42577405825967674,-1.468946207554517,0.42577405825967674
call,747.0,0.0986301369863013,36,2026-09-11,35.55,38.79,37.17,3,27,0.2188493643188476,775.6300048828125,0.043,36.74909012120099,0.42090987879900865,1.132391387675568,0.42090987879900865
put,815.0,0.2904109589041095,106,2026-11-20,44.37,46.19,45.28,53,31,0.1213161599731445,775.6300048828125,0.043,45.69960665955381,-0.41960665955380705,-0.9266931527248388,0.41960665955380705
put,756.0,0.1945205479452054,71,2026-10-16,12.43,12.51,12.47,251,279,0.1531151583862305,775.6300048828125,0.043,12.051117488611936,0.4188825113880643,3.359121983865792,0.4188825113880643
call,777.0,0.0191780821917808,7,2026-08-13,6.41,6.55,6.48,42,253,0.1483239465332031,775.6300048828125,0.043,6.894824680373233,-0.4148246803732327,-6.4016154378585295,0.4148246803732327
call,745.0,0.3671232876712328,134,2026-12-18,55.22,58.59,56.905,7,5650,0.2239762661743163,775.6300048828125,0.043,56.490746488006494,0.4142535119935076,0.7279738370855067,0.4142535119935076
put,810.0,0.1945205479452054,71,2026-10-16,38.59,40.31,39.45,4,5,0.1294642718505859,775.6300048828125,0.043,39.844234083824176,-0.39423408382417335,-0.9993259412526573,0.39423408382417335
call,737.0,0.1945205479452054,71,2026-10-16,50.45,53.43,51.94,5,176,0.2238236798095702,775.6300048828125,0.043,51.55962447306854,0.38037552693145926,0.7323364014852893,0.38037552693145926
call,735.0,0.1945205479452054,71,2026-10-16,51.92,53.55,52.735,93,1753,0.2130358238220214,775.6300048828125,0.043,53.10975440507775,-0.37475440507775204,-0.710636968005598,0.37475440507775204
call,850.0,0.0986301369863013,36,2026-09-11,0.52,0.54,0.53,1,69,0.1550377465820313,775.6300048828125,0.043,0.9027362932937066,-0.3727362932937066,-70.32760250824653,0.3727362932937066
put,746.0,0.0191780821917808,7,2026-08-13,0.69,0.71,0.7,47,53,0.1734701794433593,775.6300048828125,0.043,0.3278157264113659,0.37218427358863404,53.16918194123343,0.37218427358863404
put,745.0,0.0191780821917808,7,2026-08-13,0.64,0.67,0.655,1,454,0.1755453540039062,775.6300048828125,0.043,0.2846001298713645,0.3703998701286355,56.54959849292145,0.3703998701286355
put,748.0,0.0191780821917808,7,2026-08-13,0.79,0.81,0.8,140,103,0.1696860375976562,775.6300048828125,0.043,0.4313151232208554,0.36868487677914463,46.08560959739308,0.36868487677914463
put,765.0,0.1945205479452054,71,2026-10-16,14.93,15.0,14.965,42,1032,0.1449060119628906,775.6300048828125,0.043,15.331082725859119,-0.36608272585911905,-2.446259444431133,0.36608272585911905
call,774.0,0.0191780821917808,7,2026-08-13,7.96,8.17,8.065,247,171,0.1509179147338867,775.6300048828125,0.043,8.430203859175833,-0.36520385917583376,-4.5282561584108345,0.36520385917583376
call,741.0,0.1945205479452054,71,2026-10-16,47.2,49.12,48.16,2,209,0.2102740106201172,775.6300048828125,0.043,48.52458697887721,-0.36458697887721314,-0.7570327634493629,0.36458697887721314
put,744.0,0.0191780821917808,7,2026-08-13,0.6,0.62,0.61,31,34,0.1768881140136718,775.6300048828125,0.043,0.2463861600100472,0.3636138399899528,59.60882622786111,0.3636138399899528
call,900.0,0.1945205479452054,71,2026-10-16,0.35,0.37,0.36,99,2331,0.1574791284179687,775.6300048828125,0.043,0.7209482646403629,-0.3609482646403629,-100.26340684454524,0.3609482646403629
put,743.0,0.0191780821917808,7,2026-08-13,0.56,0.58,0.5700000000000001,4,201,0.178719150390625,775.6300048828125,0.043,0.21269712954796915,0.3573028704520309,62.68471411439138,0.3573028704520309
put,751.0,0.0191780821917808,7,2026-08-13,0.98,1.01,0.995,1252,56,0.165047412109375,775.6300048828125,0.043,0.6377689698130666,0.35723103018693336,35.90261609918928,0.35723103018693336
put,805.0,0.3671232876712328,134,2026-12-18,40.54,41.0,40.77,6,19,0.1222316781616211,775.6300048828125,0.043,41.126248763156866,-0.35624876315686294,-0.8738012341350574,0.35624876315686294
put,750.0,0.0191780821917808,7,2026-08-13,0.91,0.92,0.915,57,346,0.1657187921142578,775.6300048828125,0.043,0.561316575172313,0.353683424827687,38.65392621067617,0.353683424827687
put,747.0,0.0191780821917808,7,2026-08-13,0.72,0.74,0.73,243,298,0.1705405212402344,775.6300048828125,0.043,0.37654102510540355,0.35345897489459643,48.41903765679403,0.35345897489459643
put,755.0,0.0986301369863013,36,2026-09-11,6.6,6.67,6.635,110,199,0.1500023965454102,775.6300048828125,0.043,6.98733128499299,-0.3523312849929905,-5.31019269017318,0.3523312849929905
put,752.0,0.0191780821917808,7,2026-08-13,1.06,1.09,1.0750000000000002,11,106,0.1635825830078125,775.6300048828125,0.043,0.7227169226095214,0.3522830773904788,32.77051882702128,0.3522830773904788
call,725.0,0.0191780821917808,7,2026-08-13,49.97,53.19,51.58,3,1,0.3665224481201171,775.6300048828125,0.043,51.23663480558696,0.3433651944130389,0.6656944443835575,0.3433651944130389
call,745.0,0.2904109589041095,106,2026-11-20,51.21,53.25,52.23,54,2256,0.2172777247619629,775.6300048828125,0.043,51.89218510931141,0.33781489068858406,0.6467832484943213,0.33781489068858406
put,739.0,0.0191780821917808,7,2026-08-13,0.44,0.46,0.45,11,18,0.1868977795410156,775.6300048828125,0.043,0.11474981155899044,0.33525018844100957,74.5000418757799,0.33525018844100957
put,754.0,0.0191780821917808,7,2026-08-13,1.24,1.27,1.255,6,147,0.1606529248046875,775.6300048828125,0.043,0.9208243099640754,0.3341756900359245,26.627545022782833,0.3341756900359245
put,749.0,0.0191780821917808,7,2026-08-13,0.81,0.84,0.825,157,92,0.1665122412109375,775.6300048828125,0.043,0.49270742757238395,0.332292572427616,40.277887566983765,0.332292572427616
put,742.0,0.0191780821917808,7,2026-08-13,0.5,0.53,0.515,49,73,0.1794515649414062,775.6300048828125,0.043,0.1830877848053376,0.3319122151946624,64.44897382420629,0.3319122151946624
put,740.0,0.0191780821917808,7,2026-08-13,0.45,0.47,0.4599999999999999,577,347,0.1834798449707031,775.6300048828125,0.043,0.1344825545928643,0.3255174454071356,70.7646620450295,0.3255174454071356
put,741.0,0.0191780821917808,7,2026-08-13,0.47,0.49,0.48,34,154,0.1807943249511718,775.6300048828125,0.043,0.1571440577722356,0.32285594222776437,67.26165463078425,0.32285594222776437
call,729.0,0.0191780821917808,7,2026-08-13,45.76,49.38,47.57,1,1,0.3526676062011719,775.6300048828125,0.043,47.25077868358858,0.31922131641142215,0.671055952094644,0.31922131641142215
put,757.0,0.1945205479452054,71,2026-10-16,12.67,12.74,12.705,122,70,0.1520317951965332,775.6300048828125,0.043,12.389392760934953,0.31560723906504684,2.4841183712321673,0.31560723906504684
call,748.0,0.0986301369863013,36,2026-09-11,34.64,37.95,36.295,2,21,0.2170793624877929,775.6300048828125,0.043,35.97946419640027,0.31553580359972955,0.8693643851762763,0.31553580359972955
put,738.0,0.0191780821917808,7,2026-08-13,0.4,0.42,0.41,145,291,0.1876301940917968,775.6300048828125,0.043,0.09762135036225494,0.31237864963774503,76.18991454579147,0.31237864963774503
put,737.0,0.0191780821917808,7,2026-08-13,0.38,0.4,0.39,11,46,0.1899495068359375,775.6300048828125,0.043,0.08280056436141159,0.3071994356385884,78.76908606117652,0.3071994356385884
call,640.0,0.1945205479452054,71,2026-10-16,139.91,142.74,141.325,3,426,0.3692690026855468,775.6300048828125,0.043,141.01862312529568,0.30637687470431274,0.21678887295546628,0.30637687470431274
put,746.0,0.0986301369863013,36,2026-09-11,5.01,5.08,5.045,4,45,0.1598594757080078,775.6300048828125,0.043,4.739044702361497,0.30595529763850315,6.064525225738417,0.30595529763850315
put,775.0,0.2904109589041095,106,2026-11-20,22.83,22.95,22.89,515,295,0.1385126432800293,775.6300048828125,0.043,23.19179669435107,-0.3017966943510686,-1.3184652439976785,0.3017966943510686
put,756.0,0.0191780821917808,7,2026-08-13,1.44,1.48,1.46,25,89,0.1578453356933593,775.6300048828125,0.043,1.1612794145241878,0.29872058547581215,20.460314073685765,0.29872058547581215
call,764.0,0.0986301369863013,36,2026-09-11,22.87,26.11,24.49,1,224,0.1988300332641601,775.6300048828125,0.043,24.782192267178743,-0.2921922671787449,-1.1931084817425273,0.2921922671787449
put,736.0,0.0191780821917808,7,2026-08-13,0.35,0.37,0.36,165,163,0.1911701977539062,775.6300048828125,0.043,0.07001746703975442,0.28998253296024556,80.55070360006822,0.28998253296024556
call,734.0,0.1945205479452054,71,2026-10-16,53.19,55.17,54.18,1,27,0.2210771252441406,775.6300048828125,0.043,53.89273645633659,0.287263543663407,0.5302021846869823,0.287263543663407
put,735.0,0.0191780821917808,7,2026-08-13,0.34,0.35,0.345,305,262,0.19336744140625,775.6300048828125,0.043,0.059027332730710924,0.28597266726928905,82.89062819399683,0.28597266726928905
put,758.0,0.1945205479452054,71,2026-10-16,12.98,13.06,13.02,98,115,0.1515892947387695,775.6300048828125,0.043,12.734131205788401,0.2858687942115985,2.1956128587680377,0.2858687942115985
put,764.0,0.1945205479452054,71,2026-10-16,14.62,14.7,14.66,257,254,0.1458367887878418,775.6300048828125,0.043,14.940191219525502,-0.2801912195255021,-1.911263434689646,0.2801912195255021
put,753.0,0.0191780821917808,7,2026-08-13,1.08,1.11,1.0950000000000002,2,143,0.1593711993408203,775.6300048828125,0.043,0.8168363901378513,0.27816360986214894,25.403069393803552,0.27816360986214894
call,749.0,0.0986301369863013,36,2026-09-11,34.46,36.53,35.495000000000005,1,8,0.2085040087890624,775.6300048828125,0.043,35.21746198637595,0.27753801362405284,0.7819073492718771,0.27753801362405284
call,905.0,0.1945205479452054,71,2026-10-16,0.31,0.33,0.32,2,65,0.1597984411621093,775.6300048828125,0.043,0.5954925190855356,-0.27549251908553557,-86.09141221422986,0.27549251908553557
put,734.0,0.0191780821917808,7,2026-08-13,0.32,0.33,0.325,11,19,0.1950764086914062,775.6300048828125,0.043,0.0496092581488492,0.2753907418511508,84.73561287727716,0.2753907418511508
put,732.0,0.0191780821917808,7,2026-08-13,0.3,0.31,0.305,65,76,0.2009357250976562,775.6300048828125,0.043,0.03471581262778933,0.27028418737221066,88.61776635154447,0.27028418737221066
put,733.0,0.0191780821917808,7,2026-08-13,0.3,0.32,0.31,5,11,0.1980060668945312,775.6300048828125,0.043,0.04156467135894282,0.2684353286410572,86.59204149711522,0.2684353286410572
put,755.0,0.0191780821917808,7,2026-08-13,1.28,1.32,1.3,105,259,0.1573570593261719,775.6300048828125,0.043,1.0353955399362462,0.2646044600637538,20.35418923567337,0.2646044600637538
put,731.0,0.0191780821917808,7,2026-08-13,0.28,0.3,0.29,39,35,0.2036212451171875,775.6300048828125,0.043,0.02890420920810932,0.26109579079189066,90.03303130754851,0.26109579079189066
put,820.0,0.3671232876712328,134,2026-12-18,49.78,51.79,50.785,1,2,0.1196834858703613,775.6300048828125,0.043,50.5271857668244,0.25781423317559415,0.5076582321071068,0.25781423317559415
call,755.0,0.0191780821917808,7,2026-08-13,21.09,24.0,22.545,137,637,0.2222367816162109,775.6300048828125,0.043,22.287760208991244,0.2572397910087574,1.1410059481426362,0.2572397910087574
put,761.0,0.1945205479452054,71,2026-10-16,14.01,14.09,14.05,1,25,0.1505211901855469,775.6300048828125,0.043,13.807479688865726,0.24252031113427464,1.7261232109201041,0.24252031113427464
put,730.0,0.0191780821917808,7,2026-08-13,0.26,0.27,0.265,103,704,0.2038653833007812,775.6300048828125,0.043,0.023989163578183703,0.2410108364218163,90.94748544219483,0.2410108364218163
call,734.0,0.0191780821917808,7,2026-08-13,41.09,43.96,42.525000000000006,1,2,0.3087837677001953,775.6300048828125,0.043,42.28466325765294,0.24033674234706837,0.5651657668361395,0.24033674234706837
call,756.0,0.0191780821917808,7,2026-08-13,21.46,21.84,21.65,19,409,0.1819539813232422,775.6300048828125,0.043,21.414468401177032,0.23553159882296626,1.08790576823541,0.23553159882296626
put,728.0,0.0191780821917808,7,2026-08-13,0.24,0.26,0.25,5,9,0.2102129760742187,775.6300048828125,0.043,0.016365988256875408,0.2336340117431246,93.45360469724983,0.2336340117431246
put,758.0,0.0191780821917808,7,2026-08-13,1.66,1.7,1.68,70,271,0.1541832629394531,775.6300048828125,0.043,1.4499516458493815,0.23004835415061842,13.693354413727288,0.23004835415061842
put,747.0,0.0986301369863013,36,2026-09-11,5.15,5.22,5.1850000000000005,16,33,0.158562491607666,775.6300048828125,0.043,4.957695225977147,0.2273047740228531,4.383891495136993,0.2273047740228531
put,727.0,0.0191780821917808,7,2026-08-13,0.23,0.25,0.24,104,204,0.2126543579101562,775.6300048828125,0.043,0.013452242857147745,0.22654775714285225,94.39489880952178,0.22654775714285225
put,729.0,0.0191780821917808,7,2026-08-13,0.24,0.25,0.245,4,12,0.2050860742187499,775.6300048828125,0.043,0.01984627207305323,0.22515372792694677,91.89948078650889,0.22515372792694677
put,759.0,0.0191780821917808,7,2026-08-13,1.81,1.85,1.83,190,182,0.1532067102050781,775.6300048828125,0.043,1.614235157064428,0.21576484293557208,11.790428575714321,0.21576484293557208
call,910.0,0.1945205479452054,71,2026-10-16,0.27,0.29,0.28,10,329,0.1616294775390624,775.6300048828125,0.043,0.4901925699281904,-0.21019256992819035,-75.06877497435369,0.21019256992819035
call,760.0,0.2904109589041095,106,2026-11-20,41.66,42.04,41.85,6,5488,0.2017978380584716,775.6300048828125,0.043,42.059444203012106,-0.20944420301210442,-0.5004640454291622,0.20944420301210442
put,726.0,0.0191780821917808,7,2026-08-13,0.21,0.23,0.22,12,16,0.2133867724609375,775.6300048828125,0.043,0.011021129657093676,0.20897887034290633,94.99039561041197,0.20897887034290633
put,725.0,0.0191780821917808,7,2026-08-13,0.21,0.22,0.215,95,340,0.215828154296875,775.6300048828125,0.043,0.008999664462072676,0.20600033553792732,95.81410955252434,0.20600033553792732
call,751.0,0.1945205479452054,71,2026-10-16,40.16,42.11,41.135,12,181,0.2058032301330566,775.6300048828125,0.043,41.340746649627135,-0.2057466496271374,-0.5001741816631516,0.2057466496271374
put,724.0,0.0191780821917808,7,2026-08-13,0.2,0.22,0.21,12,11,0.2194902270507812,775.6300048828125,0.043,0.0073246221496654496,0.20267537785033454,96.5120846906355,0.20267537785033454
call,750.0,0.0986301369863013,36,2026-09-11,33.04,36.28,34.66,180,96,0.2135088415527344,775.6300048828125,0.043,34.463213018420674,0.19678698157932217,0.5677639399288004,0.19678698157932217
put,763.0,0.1945205479452054,71,2026-10-16,14.32,14.4,14.36,173,479,0.1467065310668945,775.6300048828125,0.043,14.555977025973277,-0.19597702597327782,-1.3647425207052775,0.19597702597327782
call,758.0,0.0191780821917808,7,2026-08-13,19.69,20.11,19.9,38,514,0.1781088049316406,775.6300048828125,0.043,19.70478926769738,0.19521073230261976,0.9809584537820089,0.19521073230261976
call,715.0,0.0191780821917808,7,2026-08-13,59.71,63.12,61.415,2,0,0.4163876721191406,775.6300048828125,0.043,61.22037670099189,0.19462329900810715,0.31689863878223096,0.19462329900810715
put,723.0,0.0191780821917808,7,2026-08-13,0.19,0.21,0.2,5,4,0.2216874707031249,775.6300048828125,0.043,0.005941454903095944,0.19405854509690407,97.02927254845203,0.19405854509690407
put,722.0,0.0191780821917808,7,2026-08-13,0.19,0.2,0.195,35,24,0.2236405761718749,775.6300048828125,0.043,0.004803293028914024,0.19019670697108598,97.53677280568512,0.19019670697108598
put,825.0,0.2904109589041095,106,2026-11-20,51.06,54.5,52.78,100,100,0.1232997827148437,775.6300048828125,0.043,52.591653006754996,0.18834699324500548,0.3568529618131972,0.18834699324500548
put,785.0,0.3671232876712328,134,2026-12-18,29.96,30.09,30.025,6,722,0.1325312577819824,775.6300048828125,0.043,30.20808318627593,-0.18308318627592968,-0.6097691466309065,0.18308318627592968
call,757.0,0.0191780821917808,7,2026-08-13,20.53,20.94,20.735,1,542,0.1790853576660156,775.6300048828125,0.043,20.553229242811426,0.18177075718857338,0.8766373628578412,0.18177075718857338
put,748.0,0.0986301369863013,36,2026-09-11,5.33,5.4,5.365,97,81,0.1577537838745117,775.6300048828125,0.043,5.183837186032804,0.18116281396719636,3.3767532892301277,0.18116281396719636
put,757.0,0.0191780821917808,7,2026-08-13,1.46,1.5,1.48,5,296,0.1530236065673828,775.6300048828125,0.043,1.2992159385611188,0.18078406143888115,12.215139286410889,0.18078406143888115
call,830.0,0.0191780821917808,7,2026-08-13,0.18,0.2,0.19,431,711,0.2109453906249999,775.6300048828125,0.043,0.011826706280333887,0.17817329371966611,93.77541774719269,0.17817329371966611
put,721.0,0.0191780821917808,7,2026-08-13,0.17,0.19,0.18,28,57,0.225593681640625,775.6300048828125,0.043,0.003870028278742388,0.1761299717212576,97.84998428958757,0.1761299717212576
put,719.0,0.0191780821917808,7,2026-08-13,0.17,0.18,0.175,3,17,0.2309647216796875,775.6300048828125,0.043,0.002486630055547223,0.17251336994445277,98.5790685396873,0.17251336994445277
put,830.0,0.3671232876712328,134,2026-12-18,55.79,59.21,57.5,1,0,0.1142208940124511,775.6300048828125,0.043,57.32948583790608,0.170514162093923,0.29654636885899655,0.170514162093923
call,805.0,0.0191780821917808,7,2026-08-13,0.64,0.66,0.65,171,273,0.1629722375488281,775.6300048828125,0.043,0.48237649591648335,0.16762350408351667,25.788231397464102,0.16762350408351667
put,720.0,0.0191780821917808,7,2026-08-13,0.16,0.18,0.1699999999999999,116,596,0.2275467871093749,775.6300048828125,0.043,0.003107478332893099,0.1668925216671068,98.17207156888641,0.1668925216671068
call,762.0,0.0986301369863013,36,2026-09-11,24.45,27.35,25.9,65,57,0.1994708959960937,775.6300048828125,0.043,26.059541173215678,-0.15954117321567907,-0.6159890857748227,0.15954117321567907
call,915.0,0.1945205479452054,71,2026-10-16,0.23,0.26,0.245,147,840,0.1639487902832031,775.6300048828125,0.043,0.4021507542713163,-0.1571507542713163,-64.14316500870054,0.1571507542713163
call,860.0,0.0986301369863013,36,2026-09-11,0.36,0.38,0.37,26,9,0.1613853393554687,775.6300048828125,0.043,0.5260977119648338,-0.1560977119648338,-42.18857080130643,0.1560977119648338
call,780.0,0.0191780821917808,7,2026-08-13,5.36,5.44,5.4,89,360,0.1522911920166015,775.6300048828125,0.043,5.555787476575858,-0.155787476575858,-2.8849532699232965,0.155787476575858
call,630.0,0.1945205479452054,71,2026-10-16,149.64,152.48,151.06,1,40,0.3869995382690429,775.6300048828125,0.043,150.90583055201182,0.15416944798818122,0.10205841916336636,0.15416944798818122
put,718.0,0.0191780821917808,7,2026-08-13,0.15,0.16,0.155,2,14,0.2304764453125,775.6300048828125,0.043,0.001982958287941372,0.15301704171205863,98.72067207229588,0.15301704171205863
put,716.0,0.0191780821917808,7,2026-08-13,0.14,0.16,0.15,3,36,0.2378005908203124,775.6300048828125,0.043,0.0012478935002230573,0.14875210649977694,99.1680709998513,0.14875210649977694
put,717.0,0.0191780821917808,7,2026-08-13,0.14,0.16,0.15,2,19,0.23438265625,775.6300048828125,0.043,0.0015758162943798615,0.14842418370562013,98.94945580374676,0.14842418370562013
call,743.0,0.1945205479452054,71,2026-10-16,45.91,47.88,46.895,3,169,0.2110064251708984,775.6300048828125,0.043,47.04071775806926,-0.14571775806926013,-0.310731971573217,0.14571775806926013
put,715.0,0.0191780821917808,7,2026-08-13,0.14,0.15,0.145,20,748,0.2392654199218749,775.6300048828125,0.043,0.0009847358435861875,0.1440152641564138,99.32087183200953,0.1440152641564138
put,714.0,0.0191780821917808,7,2026-08-13,0.13,0.15,0.14,95,121,0.2426833544921874,775.6300048828125,0.043,0.0007743238844847289,0.13922567611551528,99.44691151108233,0.13922567611551528
call,739.0,0.1945205479452054,71,2026-10-16,48.76,51.58,50.17,10,470,0.2196122961425781,775.6300048828125,0.043,50.031059234325085,0.1389407656749171,0.2769399355688999,0.1389407656749171
put,759.0,0.1945205479452054,71,2026-10-16,13.18,13.26,13.22,31,248,0.1501855001831055,775.6300048828125,0.043,13.085369179281173,0.1346308207188276,1.0183874487052011,0.1346308207188276
call,840.0,0.0191780821917808,7,2026-08-13,0.13,0.14,0.135,690,696,0.2299881689453125,775.6300048828125,0.043,0.0018593977198632095,0.1331406022801368,98.62266835565688,0.1331406022801368
call,746.0,0.1945205479452054,71,2026-10-16,43.41,46.57,44.99,103,246,0.2161638442993164,775.6300048828125,0.043,44.85836118073405,0.13163881926595167,0.29259573075339335,0.13163881926595167
put,710.0,0.0191780821917808,7,2026-08-13,0.12,0.13,0.125,43,164,0.25196060546875,775.6300048828125,0.043,0.0002855948153142815,0.12471440518468571,99.77152414774856,0.12471440518468571
put,712.0,0.0191780821917808,7,2026-08-13,0.12,0.13,0.125,56,107,0.245124736328125,775.6300048828125,0.043,0.0004736660968872458,0.12452633390311275,99.6210671224902,0.12452633390311275
put,713.0,0.0191780821917808,7,2026-08-13,0.12,0.13,0.125,12,16,0.2417068017578125,775.6300048828125,0.043,0.0006067037574222084,0.12439329624257779,99.51463699406223,0.12439329624257779
call,768.0,0.0191780821917808,7,2026-08-13,11.76,12.16,11.96,8,790,0.1603782693481445,775.6300048828125,0.043,12.083755067549419,-0.12375506754941767,-1.0347413674700474,0.12375506754941767
put,752.0,0.0986301369863013,36,2026-09-11,6.01,6.08,6.045,2,46,0.1532067102050781,775.6300048828125,0.043,6.165922509570066,-0.12092250957006634,-2.000372366750477,0.12092250957006634
put,709.0,0.0191780821917808,7,2026-08-13,0.11,0.12,0.1149999999999999,12,13,0.252937158203125,775.6300048828125,0.043,0.00022055342404858624,0.11477944657595131,99.8082144138708,0.11477944657595131
put,711.0,0.0191780821917808,7,2026-08-13,0.11,0.12,0.1149999999999999,3,4,0.2456130126953125,775.6300048828125,0.043,0.0003684681915912119,0.11463153180840868,99.67959287687721,0.11463153180840868
call,738.0,0.1945205479452054,71,2026-10-16,49.28,52.53,50.905,58,154,0.2219316088867187,775.6300048828125,0.043,50.79261284044651,0.11238715955349221,0.22077823308809,0.11238715955349221
put,706.0,0.0191780821917808,7,2026-08-13,0.1,0.12,0.11,3,3,0.2631909619140625,775.6300048828125,0.043,9.935487879191712e-05,0.10990064512120809,99.90967738291646,0.10990064512120809
put,705.0,0.0191780821917808,7,2026-08-13,0.1,0.11,0.105,2,190,0.26367923828125,775.6300048828125,0.043,7.559818872451482e-05,0.10492440181127548,99.92800172502427,0.10492440181127548
put,707.0,0.0191780821917808,7,2026-08-13,0.1,0.11,0.105,11,9,0.256843369140625,775.6300048828125,0.043,0.00013008961529150515,0.1048699103847085,99.87610512829382,0.1048699103847085
put,708.0,0.0191780821917808,7,2026-08-13,0.1,0.11,0.105,1,5,0.2534254345703125,775.6300048828125,0.043,0.00016969968649525186,0.10483030031350474,99.8383812509569,0.10483030031350474
put,703.0,0.0191780821917808,7,2026-08-13,0.09,0.11,0.1,5,6,0.270515107421875,775.6300048828125,0.043,4.327582065504973e-05,0.09995672417934495,99.95672417934495,0.09995672417934495
call,920.0,0.1945205479452054,71,2026-10-16,0.22,0.24,0.2299999999999999,45,187,0.1667563793945313,775.6300048828125,0.043,0.3288188451502574,-0.09881884515025749,-42.96471528272067,0.09881884515025749
put,702.0,0.0191780821917808,7,2026-08-13,0.09,0.1,0.095,10,121,0.270515107421875,775.6300048828125,0.043,3.255655270472616e-05,0.09496744344729527,99.96572994452133,0.09496744344729527
call,800.0,0.0191780821917808,7,2026-08-13,0.94,0.98,0.96,21,269,0.1573570593261719,775.6300048828125,0.043,0.8669572868715676,0.09304271312843237,9.691949284211706,0.09304271312843237
put,701.0,0.0191780821917808,7,2026-08-13,0.08,0.1,0.09,61,69,0.2739330419921875,775.6300048828125,0.043,2.439887911671445e-05,0.08997560112088328,99.97289013431475,0.08997560112088328
put,700.0,0.0191780821917808,7,2026-08-13,0.08,0.09,0.0849999999999999,117,202,0.2739330419921875,775.6300048828125,0.043,1.8215052012413718e-05,0.08498178494798748,99.97857052704421,0.08498178494798748
call,776.0,0.0191780821917808,7,2026-08-13,7.23,7.37,7.300000000000001,45,160,0.1554039538574219,775.6300048828125,0.043,7.384703912132409,-0.08470391213240802,-1.160327563457644,0.08470391213240802
call,747.0,0.1945205479452054,71,2026-10-16,43.42,45.03,44.225,3,245,0.2089617678833007,775.6300048828125,0.043,44.14272795633565,0.08227204366435359,0.18603062445303242,0.08227204366435359
put,690.0,0.0191780821917808,7,2026-08-13,0.07,0.08,0.075,10,68,0.3037179003906249,775.6300048828125,0.043,7.89036618006623e-07,0.074999210963382,99.99894795117599,0.074999210963382
put,695.0,0.0191780821917808,7,2026-08-13,0.07,0.08,0.075,2,47,0.2866282275390625,775.6300048828125,0.043,3.984234495238285e-06,0.07499601576550476,99.99468768733968,0.07499601576550476
call,782.0,0.0191780821917808,7,2026-08-13,4.66,4.73,4.695,35,404,0.1534508483886719,775.6300048828125,0.043,4.769913330853058,-0.0749133308530574,-1.5955981012365794,0.0749133308530574
call,925.0,0.1945205479452054,71,2026-10-16,0.19,0.2,0.195,2,85,0.1674887939453125,775.6300048828125,0.043,0.26796888766774885,-0.07296888766774884,-37.419942393717356,0.07296888766774884
put,760.0,0.0191780821917808,7,2026-08-13,1.84,1.89,1.865,26,365,0.1485680847167969,775.6300048828125,0.043,1.792812478056419,0.07218752194358102,3.8706446082349077,0.07218752194358102
put,760.0,0.1945205479452054,71,2026-10-16,13.48,13.55,13.515,23,2029,0.149422568359375,775.6300048828125,0.043,13.443141152744431,0.07185884725556946,0.5316969830230814,0.07185884725556946
call,860.0,0.0191780821917808,7,2026-08-13,0.07,0.07,0.07,173,468,0.26367923828125,775.6300048828125,0.043,2.4712251995540405e-05,0.06997528774800446,99.9646967828635,0.06997528774800446
call,778.0,0.0191780821917808,7,2026-08-13,6.41,6.58,6.495,11,229,0.158364129333496,775.6300048828125,0.043,6.426804742684624,0.06819525731537635,1.049965470598558,0.06819525731537635
put,685.0,0.0191780821917808,7,2026-08-13,0.06,0.07,0.065,1,61,0.3154365332031249,775.6300048828125,0.043,1.411009029632555e-07,0.06499985889909704,99.99978292168775,0.06499985889909704
call,865.0,0.0191780821917808,7,2026-08-13,0.06,0.07,0.065,100,405,0.2773509765624999,775.6300048828125,0.043,7.392063103795789e-06,0.06499260793689621,99.98862759522493,0.06499260793689621
put,770.0,0.2904109589041095,106,2026-11-20,20.99,21.11,21.05,55,1149,0.1422662678527831,775.6300048828125,0.043,20.989327810685097,0.06067218931490359,0.28822892786177473,0.06067218931490359
call,750.0,0.2904109589041095,106,2026-11-20,46.99,50.09,48.540000000000006,111,3273,0.2162859133911132,775.6300048828125,0.043,48.4840204377316,0.05597956226840495,0.11532666309930972,0.05597956226840495
put,680.0,0.0191780821917808,7,2026-08-13,0.05,0.06,0.055,1,37,0.32617861328125,775.6300048828125,0.043,2.272382812790139e-08,0.054999977276171876,99.99995868394886,0.054999977276171876
call,870.0,0.0191780821917808,7,2026-08-13,0.05,0.06,0.055,387,248,0.2851633984374999,775.6300048828125,0.043,2.1041160518944454e-06,0.05499789588394811,99.9961743344511,0.05499789588394811
put,751.0,0.0986301369863013,36,2026-09-11,5.82,5.89,5.855,33,48,0.1541832629394531,775.6300048828125,0.043,5.908520515386044,-0.053520515386043854,-0.9140993234166329,0.053520515386043854
put,675.0,0.0191780821917808,7,2026-08-13,0.04,0.06,0.05,4,41,0.3427800097656249,775.6300048828125,0.043,3.28687675787931e-09,0.049999996713123246,99.99999342624649,0.049999996713123246
call,930.0,0.1945205479452054,71,2026-10-16,0.16,0.18,0.1699999999999999,1,371,0.1696860375976562,775.6300048828125,0.043,0.2176638952000367,-0.047663895200036804,-28.03758541178637,0.047663895200036804
call,752.0,0.0986301369863013,36,2026-09-11,31.39,34.66,33.025,35,37,0.2103045278930664,775.6300048828125,0.043,32.97847798051282,0.0465220194871776,0.14086909761446662,0.0465220194871776
put,670.0,0.0191780821917808,7,2026-08-13,0.04,0.05,0.045,36,52,0.3515689843749999,775.6300048828125,0.043,4.258492272236173e-10,0.044999999574150774,99.99999905366839,0.044999999574150774
call,875.0,0.0191780821917808,7,2026-08-13,0.04,0.05,0.045,726,398,0.2919992675781249,775.6300048828125,0.043,5.702695126189039e-07,0.04499942973048738,99.99873273441641,0.04499942973048738
put,665.0,0.0191780821917808,7,2026-08-13,0.03,0.05,0.04,2,7,0.368170380859375,775.6300048828125,0.043,4.928392222082459e-11,0.03999999995071608,99.99999987679018,0.03999999995071608
put,761.0,0.0191780821917808,7,2026-08-13,2.0,2.05,2.025,297,184,0.1473168765258789,775.6300048828125,0.043,1.9864220858680142,0.03857791413198575,1.905082179357321,0.03857791413198575
call,781.0,0.0191780821917808,7,2026-08-13,5.15,5.23,5.19,194,337,0.1561974029541015,775.6300048828125,0.043,5.152354366204179,0.03764563379582153,0.7253493987634206,0.03764563379582153
call,750.0,0.1945205479452054,71,2026-10-16,41.78,42.21,41.995000000000005,5,2833,0.2016833982849121,775.6300048828125,0.043,42.03205533339349,-0.037055333393482215,-0.08823748873314016,0.037055333393482215
put,750.0,0.0986301369863013,36,2026-09-11,5.66,5.73,5.695,8,480,0.1554955056762695,775.6300048828125,0.043,5.659121777765591,0.03587822223440895,0.6299951226410703,0.03587822223440895
put,640.0,0.0191780821917808,7,2026-08-13,0.02,0.03,0.025,55,35,0.429693203125,775.6300048828125,0.043,1.704245180109031e-16,0.02499999999999983,99.99999999999932,0.02499999999999983
put,780.0,0.3671232876712328,134,2026-12-18,27.71,27.81,27.76,23,10323,0.1352549243927002,775.6300048828125,0.043,27.780069912966724,-0.020069912966722114,-0.07229795737291828,0.020069912966722114
put,762.0,0.1945205479452054,71,2026-10-16,14.12,14.2,14.16,1,31,0.1482934292602539,775.6300048828125,0.043,14.178415419612804,-0.01841541961280413,-0.1300523983955094,0.01841541961280413
call,784.0,0.0191780821917808,7,2026-08-13,4.04,4.11,4.075,2,655,0.1549767120361328,775.6300048828125,0.043,4.066492567304465,0.008507432695535222,0.2087713544916619,0.008507432695535222
