type,K,T,T_days,expiry,bid,ask,V_market,volume,open_interest,iv
call,665.0,0.019178082191780823,7,2026-08-13,110.4,113.53,111.965,3,3,0.5897257824707032
call,706.0,0.019178082191780823,7,2026-08-13,69.48,72.71,71.095,1,1,0.49133809448242194
call,710.0,0.019178082191780823,7,2026-08-13,64.7,68.08,66.39,0,1,0.4405573522949219
call,715.0,0.019178082191780823,7,2026-08-13,59.71,63.12,61.415,2,0,0.4163876721191406
call,725.0,0.019178082191780823,7,2026-08-13,49.97,53.19,51.58,3,1,0.36652244812011714
call,729.0,0.019178082191780823,7,2026-08-13,45.76,49.38,47.57,1,1,0.3526676062011719
call,730.0,0.019178082191780823,7,2026-08-13,45.85,48.85,47.35,0,3,0.3651796881103516
call,734.0,0.019178082191780823,7,2026-08-13,41.09,43.96,42.525000000000006,1,2,0.30878376770019533
call,735.0,0.019178082191780823,7,2026-08-13,40.11,43.41,41.76,1,10,0.32080757324218745
call,740.0,0.019178082191780823,7,2026-08-13,37.04,37.71,37.375,1,289,0.266608896484375
call,741.0,0.019178082191780823,7,2026-08-13,34.89,38.06,36.475,21,7,0.3092110095214844
call,742.0,0.019178082191780823,7,2026-08-13,33.92,37.22,35.57,3,27,0.30847859497070307
call,743.0,0.019178082191780823,7,2026-08-13,32.33,35.57,33.95,3,18,0.28125718749999995
call,744.0,0.019178082191780823,7,2026-08-13,31.37,34.78,33.075,30,16,0.28241684387207033
call,745.0,0.019178082191780823,7,2026-08-13,32.22,33.07,32.644999999999996,12,195,0.25263198547363286
call,746.0,0.019178082191780823,7,2026-08-13,29.54,32.69,31.115,9,30,0.26770751831054684
call,747.0,0.019178082191780823,7,2026-08-13,30.62,31.04,30.83,4,254,0.24030300720214842
call,748.0,0.019178082191780823,7,2026-08-13,27.56,30.97,29.265,10,27,0.2645947564697265
call,749.0,0.019178082191780823,7,2026-08-13,27.26,30.34,28.8,2,27,0.26959958923339844
call,750.0,0.019178082191780823,7,2026-08-13,26.3,28.2,27.25,39,354,0.22846230529785155
call,751.0,0.019178082191780823,7,2026-08-13,26.62,27.21,26.915,2,146,0.22296919616699218
call,752.0,0.019178082191780823,7,2026-08-13,25.69,26.28,25.985,77,133,0.21930712341308595
call,753.0,0.019178082191780823,7,2026-08-13,23.81,25.3,24.555,14,159,0.21399711791992188
call,754.0,0.019178082191780823,7,2026-08-13,24.07,24.44,24.255000000000003,30,119,0.21222711608886718
call,755.0,0.019178082191780823,7,2026-08-13,21.09,24.0,22.545,137,637,0.2222367816162109
call,756.0,0.019178082191780823,7,2026-08-13,21.46,21.84,21.65,19,409,0.1819539813232422
call,757.0,0.019178082191780823,7,2026-08-13,20.53,20.94,20.735,1,542,0.1790853576660156
call,758.0,0.019178082191780823,7,2026-08-13,19.69,20.11,19.9,38,514,0.17810880493164064
call,759.0,0.019178082191780823,7,2026-08-13,19.49,19.89,19.689999999999998,78,550,0.1935505450439453
call,760.0,0.019178082191780823,7,2026-08-13,18.84,19.26,19.05,144,465,0.1966633068847656
call,761.0,0.019178082191780823,7,2026-08-13,18.04,18.43,18.235,22,220,0.19422192504882813
call,762.0,0.019178082191780823,7,2026-08-13,16.96,17.33,17.145,2,225,0.18488363952636716
call,763.0,0.019178082191780823,7,2026-08-13,16.37,16.74,16.555,8,184,0.18793536682128903
call,764.0,0.019178082191780823,7,2026-08-13,15.57,15.91,15.74,1,110,0.1848226049804687
call,765.0,0.019178082191780823,7,2026-08-13,14.77,15.13,14.95,8,327,0.18262536132812499
call,766.0,0.019178082191780823,7,2026-08-13,13.96,14.33,14.145,7,149,0.179695703125
call,767.0,0.019178082191780823,7,2026-08-13,13.22,13.57,13.395,2,169,0.17740690765380857
call,768.0,0.019178082191780823,7,2026-08-13,11.76,12.16,11.96,8,790,0.16037826934814453
call,769.0,0.019178082191780823,7,2026-08-13,11.79,12.13,11.96,4,319,0.1736532830810547
call,770.0,0.019178082191780823,7,2026-08-13,11.04,11.4,11.219999999999999,16,622,0.17105931488037113
call,771.0,0.019178082191780823,7,2026-08-13,10.41,10.77,10.59,1,153,0.17026586578369146
call,774.0,0.019178082191780823,7,2026-08-13,7.96,8.17,8.065,247,171,0.15091791473388677
call,775.0,0.019178082191780823,7,2026-08-13,7.39,7.53,7.46,15,216,0.148446015625
call,776.0,0.019178082191780823,7,2026-08-13,7.23,7.37,7.300000000000001,45,160,0.1554039538574219
call,777.0,0.019178082191780823,7,2026-08-13,6.41,6.55,6.48,42,253,0.14832394653320313
call,778.0,0.019178082191780823,7,2026-08-13,6.41,6.58,6.495,11,229,0.15836412933349608
call,780.0,0.019178082191780823,7,2026-08-13,5.36,5.44,5.4,89,360,0.15229119201660157
call,781.0,0.019178082191780823,7,2026-08-13,5.15,5.23,5.19,194,337,0.15619740295410156
call,782.0,0.019178082191780823,7,2026-08-13,4.66,4.73,4.695,35,404,0.1534508483886719
call,784.0,0.019178082191780823,7,2026-08-13,4.04,4.11,4.075,2,655,0.15497671203613284
call,800.0,0.019178082191780823,7,2026-08-13,0.94,0.98,0.96,21,269,0.1573570593261719
call,805.0,0.019178082191780823,7,2026-08-13,0.64,0.66,0.65,171,273,0.16297223754882814
call,830.0,0.019178082191780823,7,2026-08-13,0.18,0.2,0.19,431,711,0.21094539062499998
call,840.0,0.019178082191780823,7,2026-08-13,0.13,0.14,0.135,690,696,0.2299881689453125
call,860.0,0.019178082191780823,7,2026-08-13,0.07,0.07,0.07,173,468,0.26367923828125
call,865.0,0.019178082191780823,7,2026-08-13,0.06,0.07,0.065,100,405,0.27735097656249996
call,870.0,0.019178082191780823,7,2026-08-13,0.05,0.06,0.055,387,248,0.28516339843749994
call,875.0,0.019178082191780823,7,2026-08-13,0.04,0.05,0.045,726,398,0.2919992675781249
put,590.0,0.019178082191780823,7,2026-08-13,0.01,0.02,0.015,920,847,0.5585981640625001
put,640.0,0.019178082191780823,7,2026-08-13,0.02,0.03,0.025,55,35,0.42969320312500003
put,665.0,0.019178082191780823,7,2026-08-13,0.03,0.05,0.04,2,7,0.36817038085937503
put,670.0,0.019178082191780823,7,2026-08-13,0.04,0.05,0.045,36,52,0.35156898437499995
put,675.0,0.019178082191780823,7,2026-08-13,0.04,0.06,0.05,4,41,0.34278000976562495
put,680.0,0.019178082191780823,7,2026-08-13,0.05,0.06,0.055,1,37,0.32617861328125
put,685.0,0.019178082191780823,7,2026-08-13,0.06,0.07,0.065,1,61,0.3154365332031249
put,690.0,0.019178082191780823,7,2026-08-13,0.07,0.08,0.07500000000000001,10,68,0.30371790039062496
put,695.0,0.019178082191780823,7,2026-08-13,0.07,0.08,0.07500000000000001,2,47,0.2866282275390625
put,700.0,0.019178082191780823,7,2026-08-13,0.08,0.09,0.08499999999999999,117,202,0.2739330419921875
put,701.0,0.019178082191780823,7,2026-08-13,0.08,0.1,0.09,61,69,0.2739330419921875
put,702.0,0.019178082191780823,7,2026-08-13,0.09,0.1,0.095,10,121,0.270515107421875
put,703.0,0.019178082191780823,7,2026-08-13,0.09,0.11,0.1,5,6,0.270515107421875
put,705.0,0.019178082191780823,7,2026-08-13,0.1,0.11,0.10500000000000001,2,190,0.26367923828125
put,706.0,0.019178082191780823,7,2026-08-13,0.1,0.12,0.11,3,3,0.26319096191406255
put,707.0,0.019178082191780823,7,2026-08-13,0.1,0.11,0.10500000000000001,11,9,0.256843369140625
put,708.0,0.019178082191780823,7,2026-08-13,0.1,0.11,0.10500000000000001,1,5,0.2534254345703125
put,709.0,0.019178082191780823,7,2026-08-13,0.11,0.12,0.11499999999999999,12,13,0.252937158203125
put,710.0,0.019178082191780823,7,2026-08-13,0.12,0.13,0.125,43,164,0.25196060546875
put,711.0,0.019178082191780823,7,2026-08-13,0.11,0.12,0.11499999999999999,3,4,0.2456130126953125
put,712.0,0.019178082191780823,7,2026-08-13,0.12,0.13,0.125,56,107,0.245124736328125
put,713.0,0.019178082191780823,7,2026-08-13,0.12,0.13,0.125,12,16,0.2417068017578125
put,714.0,0.019178082191780823,7,2026-08-13,0.13,0.15,0.14,95,121,0.24268335449218748
put,715.0,0.019178082191780823,7,2026-08-13,0.14,0.15,0.14500000000000002,20,748,0.23926541992187497
put,716.0,0.019178082191780823,7,2026-08-13,0.14,0.16,0.15000000000000002,3,36,0.23780059082031246
put,717.0,0.019178082191780823,7,2026-08-13,0.14,0.16,0.15000000000000002,2,19,0.23438265625
put,718.0,0.019178082191780823,7,2026-08-13,0.15,0.16,0.155,2,14,0.2304764453125
put,719.0,0.019178082191780823,7,2026-08-13,0.17,0.18,0.175,3,17,0.2309647216796875
put,720.0,0.019178082191780823,7,2026-08-13,0.16,0.18,0.16999999999999998,116,596,0.22754678710937498
put,721.0,0.019178082191780823,7,2026-08-13,0.17,0.19,0.18,28,57,0.225593681640625
put,722.0,0.019178082191780823,7,2026-08-13,0.19,0.2,0.195,35,24,0.22364057617187497
put,723.0,0.019178082191780823,7,2026-08-13,0.19,0.21,0.2,5,4,0.22168747070312497
put,724.0,0.019178082191780823,7,2026-08-13,0.2,0.22,0.21000000000000002,12,11,0.21949022705078125
put,725.0,0.019178082191780823,7,2026-08-13,0.21,0.22,0.215,95,340,0.215828154296875
put,726.0,0.019178082191780823,7,2026-08-13,0.21,0.23,0.22,12,16,0.2133867724609375
put,727.0,0.019178082191780823,7,2026-08-13,0.23,0.25,0.24,104,204,0.21265435791015624
put,728.0,0.019178082191780823,7,2026-08-13,0.24,0.26,0.25,5,9,0.21021297607421874
put,729.0,0.019178082191780823,7,2026-08-13,0.24,0.25,0.245,4,12,0.20508607421874997
put,730.0,0.019178082191780823,7,2026-08-13,0.26,0.27,0.265,103,704,0.20386538330078124
put,731.0,0.019178082191780823,7,2026-08-13,0.28,0.3,0.29000000000000004,39,35,0.2036212451171875
put,732.0,0.019178082191780823,7,2026-08-13,0.3,0.31,0.305,65,76,0.20093572509765623
put,733.0,0.019178082191780823,7,2026-08-13,0.3,0.32,0.31,5,11,0.19800606689453126
put,734.0,0.019178082191780823,7,2026-08-13,0.32,0.33,0.325,11,19,0.19507640869140624
put,735.0,0.019178082191780823,7,2026-08-13,0.34,0.35,0.345,305,262,0.19336744140625
put,736.0,0.019178082191780823,7,2026-08-13,0.35,0.37,0.36,165,163,0.19117019775390626
put,737.0,0.019178082191780823,7,2026-08-13,0.38,0.4,0.39,11,46,0.18994950683593753
put,738.0,0.019178082191780823,7,2026-08-13,0.4,0.42,0.41000000000000003,145,291,0.18763019409179688
put,739.0,0.019178082191780823,7,2026-08-13,0.44,0.46,0.45,11,18,0.18689777954101564
put,740.0,0.019178082191780823,7,2026-08-13,0.45,0.47,0.45999999999999996,577,347,0.1834798449707031
put,741.0,0.019178082191780823,7,2026-08-13,0.47,0.49,0.48,34,154,0.18079432495117187
put,742.0,0.019178082191780823,7,2026-08-13,0.5,0.53,0.515,49,73,0.17945156494140624
put,743.0,0.019178082191780823,7,2026-08-13,0.56,0.58,0.5700000000000001,4,201,0.178719150390625
put,744.0,0.019178082191780823,7,2026-08-13,0.6,0.62,0.61,31,34,0.17688811401367188
put,745.0,0.019178082191780823,7,2026-08-13,0.64,0.67,0.655,1,454,0.17554535400390625
put,746.0,0.019178082191780823,7,2026-08-13,0.69,0.71,0.7,47,53,0.17347017944335938
put,747.0,0.019178082191780823,7,2026-08-13,0.72,0.74,0.73,243,298,0.17054052124023442
put,748.0,0.019178082191780823,7,2026-08-13,0.79,0.81,0.8,140,103,0.16968603759765627
put,749.0,0.019178082191780823,7,2026-08-13,0.81,0.84,0.825,157,92,0.16651224121093755
put,750.0,0.019178082191780823,7,2026-08-13,0.91,0.92,0.915,57,346,0.16571879211425783
put,751.0,0.019178082191780823,7,2026-08-13,0.98,1.01,0.995,1252,56,0.165047412109375
put,752.0,0.019178082191780823,7,2026-08-13,1.06,1.09,1.0750000000000002,11,106,0.16358258300781253
put,753.0,0.019178082191780823,7,2026-08-13,1.08,1.11,1.0950000000000002,2,143,0.1593711993408203
put,754.0,0.019178082191780823,7,2026-08-13,1.24,1.27,1.255,6,147,0.1606529248046875
put,755.0,0.019178082191780823,7,2026-08-13,1.28,1.32,1.3,105,259,0.1573570593261719
put,756.0,0.019178082191780823,7,2026-08-13,1.44,1.48,1.46,25,89,0.15784533569335937
put,757.0,0.019178082191780823,7,2026-08-13,1.46,1.5,1.48,5,296,0.15302360656738284
put,758.0,0.019178082191780823,7,2026-08-13,1.66,1.7,1.68,70,271,0.15418326293945314
put,759.0,0.019178082191780823,7,2026-08-13,1.81,1.85,1.83,190,182,0.15320671020507814
put,760.0,0.019178082191780823,7,2026-08-13,1.84,1.89,1.865,26,365,0.1485680847167969
put,761.0,0.019178082191780823,7,2026-08-13,2.0,2.05,2.025,297,184,0.14731687652587894
put,770.0,0.019178082191780823,7,2026-08-13,3.96,4.03,3.995,6,73,0.13343151733398437
call,655.0,0.09863013698630137,36,2026-09-11,123.11,126.46,124.785,1,1,0.43945873046875
call,690.0,0.09863013698630137,36,2026-09-11,88.47,91.69,90.08,2,1,0.3419865606689453
call,718.0,0.09863013698630137,36,2026-09-11,61.67,64.94,63.305,2,1,0.278327529296875
call,720.0,0.09863013698630137,36,2026-09-11,60.29,63.69,61.989999999999995,1,5,0.2831187411499023
call,724.0,0.09863013698630137,36,2026-09-11,55.94,59.37,57.655,2,0,0.26569337829589845
call,730.0,0.09863013698630137,36,2026-09-11,50.62,53.91,52.265,50,53,0.2537611245727539
call,732.0,0.09863013698630137,36,2026-09-11,48.59,52.1,50.345,38,66,0.249732844543457
call,734.0,0.09863013698630137,36,2026-09-11,47.33,50.34,48.835,41,44,0.24622335815429688
call,735.0,0.09863013698630137,36,2026-09-11,46.11,49.47,47.79,2,5,0.24454490814208985
call,736.0,0.09863013698630137,36,2026-09-11,45.7,48.73,47.215,4,5,0.24451439086914065
call,737.0,0.09863013698630137,36,2026-09-11,44.32,47.57,45.945,24,45,0.23905179901123047
call,738.0,0.09863013698630137,36,2026-09-11,43.32,46.77,45.045,82,86,0.2381973153686523
call,739.0,0.09863013698630137,36,2026-09-11,42.88,46.3,44.59,1,6,0.24138637039184568
call,740.0,0.09863013698630137,36,2026-09-11,42.0,44.15,43.075,38,320,0.22347273117065425
call,741.0,0.09863013698630137,36,2026-09-11,40.81,44.05,42.43,29,59,0.2313004116821289
call,742.0,0.09863013698630137,36,2026-09-11,39.67,43.18,41.425,16,51,0.22940834075927735
call,743.0,0.09863013698630137,36,2026-09-11,38.8,42.03,40.415,80,83,0.22403730072021477
call,744.0,0.09863013698630137,36,2026-09-11,38.03,41.34,39.685,2,84,0.22428143890380853
call,745.0,0.09863013698630137,36,2026-09-11,37.2,40.48,38.84,230,344,0.222389367980957
call,746.0,0.09863013698630137,36,2026-09-11,36.99,39.17,38.08,1,43,0.21509573974609375
call,747.0,0.09863013698630137,36,2026-09-11,35.55,38.79,37.17,3,27,0.21884936431884766
call,748.0,0.09863013698630137,36,2026-09-11,34.64,37.95,36.295,2,21,0.21707936248779297
call,749.0,0.09863013698630137,36,2026-09-11,34.46,36.53,35.495000000000005,1,8,0.20850400878906244
call,750.0,0.09863013698630137,36,2026-09-11,33.04,36.28,34.66,180,96,0.2135088415527344
call,751.0,0.09863013698630137,36,2026-09-11,32.89,36.09,34.49,48,56,0.2189714334106445
call,752.0,0.09863013698630137,36,2026-09-11,31.39,34.66,33.025,35,37,0.21030452789306642
call,753.0,0.09863013698630137,36,2026-09-11,31.15,34.47,32.81,2,67,0.21555349884033204
call,754.0,0.09863013698630137,36,2026-09-11,30.29,33.68,31.985,35,22,0.21399711791992188
call,755.0,0.09863013698630137,36,2026-09-11,31.18,32.82,32.0,2,100,0.21161677062988277
call,756.0,0.09863013698630137,36,2026-09-11,28.06,30.07,29.064999999999998,12,51,0.18839312591552732
call,757.0,0.09863013698630137,36,2026-09-11,27.99,29.98,28.985,5,82,0.1945270977783203
call,758.0,0.09863013698630137,36,2026-09-11,26.69,29.69,28.19,27,47,0.1982807223510742
call,759.0,0.09863013698630137,36,2026-09-11,26.55,28.57,27.560000000000002,27,77,0.19295545822143556
call,760.0,0.09863013698630137,36,2026-09-11,25.47,28.4,26.935,1,159,0.1977619287109375
call,761.0,0.09863013698630137,36,2026-09-11,25.0,26.98,25.990000000000002,23,9,0.18918657501220704
call,762.0,0.09863013698630137,36,2026-09-11,24.45,27.35,25.9,65,57,0.19947089599609374
call,763.0,0.09863013698630137,36,2026-09-11,23.17,25.89,24.53,21,26,0.19040726593017582
call,764.0,0.09863013698630137,36,2026-09-11,22.87,26.11,24.490000000000002,1,224,0.19883003326416016
call,765.0,0.09863013698630137,36,2026-09-11,23.0,23.3,23.15,189,187,0.17568268173217771
call,766.0,0.09863013698630137,36,2026-09-11,21.17,22.64,21.905,34,244,0.17487397399902344
call,767.0,0.09863013698630137,36,2026-09-11,20.56,23.76,22.16,2,212,0.1922383023071289
call,768.0,0.09863013698630137,36,2026-09-11,19.76,21.2,20.48,208,197,0.17176121215820314
call,769.0,0.09863013698630137,36,2026-09-11,18.62,20.6,19.61,2,137,0.17131871170043944
call,770.0,0.09863013698630137,36,2026-09-11,20.26,20.57,20.415,18,211,0.17656768264770512
call,771.0,0.09863013698630137,36,2026-09-11,17.74,21.25,19.494999999999997,1,162,0.18885088500976563
call,772.0,0.09863013698630137,36,2026-09-11,16.83,20.13,18.479999999999997,61,140,0.1828389822387695
call,773.0,0.09863013698630137,36,2026-09-11,16.91,18.7,17.805,2,100,0.1736532830810547
call,774.0,0.09863013698630137,36,2026-09-11,17.63,18.03,17.83,64,98,0.1720358676147461
call,775.0,0.09863013698630137,36,2026-09-11,16.97,17.32,17.145,5,305,0.16993017578125003
call,776.0,0.09863013698630137,36,2026-09-11,16.45,16.86,16.655,1,73,0.17025060714721685
call,777.0,0.09863013698630137,36,2026-09-11,15.98,16.14,16.060000000000002,126,156,0.16785500122070315
call,778.0,0.09863013698630137,36,2026-09-11,14.84,15.0,14.92,46,84,0.1611717184448242
call,779.0,0.09863013698630137,36,2026-09-11,14.82,14.97,14.895,3,116,0.1655051712036133
call,780.0,0.09863013698630137,36,2026-09-11,14.31,14.45,14.379999999999999,26,948,0.16483379119873048
call,781.0,0.09863013698630137,36,2026-09-11,13.24,13.4,13.32,41,132,0.15873033660888675
call,782.0,0.09863013698630137,36,2026-09-11,12.81,12.96,12.885000000000002,257,206,0.15865404342651368
call,783.0,0.09863013698630137,36,2026-09-11,12.74,12.9,12.82,24,66,0.16233137481689452
call,784.0,0.09863013698630137,36,2026-09-11,12.22,12.37,12.295,7,41,0.161141201171875
call,785.0,0.09863013698630137,36,2026-09-11,11.79,11.94,11.864999999999998,20,634,0.16088180435180666
call,786.0,0.09863013698630137,36,2026-09-11,10.83,10.98,10.905000000000001,49,82,0.15506826385498051
call,787.0,0.09863013698630137,36,2026-09-11,10.86,11.01,10.934999999999999,210,198,0.1593254234313965
call,788.0,0.09863013698630137,36,2026-09-11,10.51,10.62,10.565,3,51,0.15917283706665042
call,789.0,0.09863013698630137,36,2026-09-11,10.04,10.16,10.1,1,27,0.15818102569580078
call,790.0,0.09863013698630137,36,2026-09-11,9.66,9.77,9.715,248,255,0.15781481842041017
call,791.0,0.09863013698630137,36,2026-09-11,9.25,9.34,9.295,2,52,0.15691455886840822
call,792.0,0.09863013698630137,36,2026-09-11,8.86,8.95,8.905,10,85,0.15633473068237308
call,793.0,0.09863013698630137,36,2026-09-11,8.08,8.19,8.135,33,55,0.15158929473876953
call,794.0,0.09863013698630137,36,2026-09-11,8.08,8.17,8.125,68,58,0.15483938430786137
call,795.0,0.09863013698630137,36,2026-09-11,7.73,7.83,7.78,144,149,0.1544731770324707
call,796.0,0.09863013698630137,36,2026-09-11,7.4,7.5,7.45,11,29,0.1541069697570801
call,798.0,0.09863013698630137,36,2026-09-11,6.76,6.87,6.8149999999999995,183,249,0.15340507247924806
call,799.0,0.09863013698630137,36,2026-09-11,6.44,6.51,6.475,487,468,0.15235222656250003
call,800.0,0.09863013698630137,36,2026-09-11,5.92,5.99,5.955,322,252,0.1492394647216797
call,801.0,0.09863013698630137,36,2026-09-11,5.86,5.92,5.890000000000001,60,41,0.15143670837402345
call,802.0,0.09863013698630137,36,2026-09-11,5.33,5.38,5.355,28,80,0.14772885971069338
call,804.0,0.09863013698630137,36,2026-09-11,5.09,5.16,5.125,3,360,0.15076532836914067
call,805.0,0.09863013698630137,36,2026-09-11,4.58,4.63,4.605,23,136,0.14664549652099607
call,806.0,0.09863013698630137,36,2026-09-11,4.6,4.67,4.635,3,104,0.14998713790893559
call,807.0,0.09863013698630137,36,2026-09-11,4.4,4.47,4.4350000000000005,3,131,0.1500329138183594
call,808.0,0.09863013698630137,36,2026-09-11,4.0,4.03,4.015000000000001,96,75,0.14661497924804687
call,809.0,0.09863013698630137,36,2026-09-11,3.98,4.04,4.01,52,51,0.149422568359375
call,810.0,0.09863013698630137,36,2026-09-11,3.76,3.83,3.795,13,181,0.14899532653808595
call,811.0,0.09863013698630137,36,2026-09-11,3.61,3.66,3.635,1,11,0.14905636108398437
call,812.0,0.09863013698630137,36,2026-09-11,3.43,3.49,3.46,88,95,0.14902584381103517
call,813.0,0.09863013698630137,36,2026-09-11,3.07,3.12,3.0949999999999998,2,62,0.1457299783325195
call,814.0,0.09863013698630137,36,2026-09-11,2.92,2.95,2.935,144,67,0.14539428833007811
call,815.0,0.09863013698630137,36,2026-09-11,2.77,2.82,2.795,105,32,0.14563842651367187
call,816.0,0.09863013698630137,36,2026-09-11,2.8,2.84,2.82,2,181,0.14835446380615236
call,818.0,0.09863013698630137,36,2026-09-11,2.51,2.56,2.535,80,80,0.14814084289550783
call,819.0,0.09863013698630137,36,2026-09-11,2.25,2.3,2.275,5,30,0.14563842651367187
call,820.0,0.09863013698630137,36,2026-09-11,2.29,2.33,2.31,39,155,0.148446015625
call,822.0,0.09863013698630137,36,2026-09-11,1.93,1.97,1.95,1,37,0.1457299783325195
call,835.0,0.09863013698630137,36,2026-09-11,1.05,1.09,1.07,46,51,0.15009394836425782
call,850.0,0.09863013698630137,36,2026-09-11,0.52,0.54,0.53,1,69,0.1550377465820313
call,860.0,0.09863013698630137,36,2026-09-11,0.36,0.38,0.37,26,9,0.16138533935546873
put,500.0,0.09863013698630137,36,2026-09-11,0.09,0.1,0.095,4,10,0.5009815527343751
put,505.0,0.09863013698630137,36,2026-09-11,0.1,0.11,0.10500000000000001,1,1,0.495122236328125
put,510.0,0.09863013698630137,36,2026-09-11,0.1,0.11,0.10500000000000001,1,1,0.48438015625
put,515.0,0.09863013698630137,36,2026-09-11,0.11,0.12,0.11499999999999999,3,10,0.47852083984375
put,520.0,0.09863013698630137,36,2026-09-11,0.12,0.13,0.125,2,3,0.471684970703125
put,525.0,0.09863013698630137,36,2026-09-11,0.12,0.14,0.13,2,1,0.46533737792968755
put,535.0,0.09863013698630137,36,2026-09-11,0.14,0.15,0.14500000000000002,7,207,0.44824770507812495
put,540.0,0.09863013698630137,36,2026-09-11,0.15,0.16,0.155,1,5,0.4409235595703125
put,545.0,0.09863013698630137,36,2026-09-11,0.16,0.17,0.165,1,7,0.4335994140625
put,560.0,0.09863013698630137,36,2026-09-11,0.19,0.21,0.2,2,5,0.41358008300781246
put,570.0,0.09863013698630137,36,2026-09-11,0.23,0.24,0.235,1,14,0.39942006835937505
put,575.0,0.09863013698630137,36,2026-09-11,0.24,0.25,0.245,1,6,0.3913635083007812
put,580.0,0.09863013698630137,36,2026-09-11,0.25,0.27,0.26,5,142,0.3850159155273437
put,585.0,0.09863013698630137,36,2026-09-11,0.27,0.28,0.275,1,15,0.3764710791015625
put,590.0,0.09863013698630137,36,2026-09-11,0.29,0.3,0.295,6,69,0.36963520996093746
put,595.0,0.09863013698630137,36,2026-09-11,0.3,0.32,0.31,1,20,0.36255520263671875
put,600.0,0.09863013698630137,36,2026-09-11,0.33,0.34,0.335,1,195,0.3552310571289062
put,605.0,0.09863013698630137,36,2026-09-11,0.36,0.37,0.365,21,42,0.3491276025390625
put,610.0,0.09863013698630137,36,2026-09-11,0.37,0.39,0.38,6,37,0.3415593188476562
put,615.0,0.09863013698630137,36,2026-09-11,0.41,0.42,0.415,6,25,0.3347234497070312
put,620.0,0.09863013698630137,36,2026-09-11,0.43,0.44,0.435,1,44,0.3266668896484375
put,625.0,0.09863013698630137,36,2026-09-11,0.46,0.48,0.47,5,102,0.3205634350585937
put,630.0,0.09863013698630137,36,2026-09-11,0.49,0.51,0.5,6,34,0.3131172204589844
put,635.0,0.09863013698630137,36,2026-09-11,0.54,0.56,0.55,2,19,0.30713583496093744
put,640.0,0.09863013698630137,36,2026-09-11,0.58,0.6,0.59,9,55,0.30005582763671873
put,645.0,0.09863013698630137,36,2026-09-11,0.63,0.65,0.64,1,22,0.2934640966796874
put,650.0,0.09863013698630137,36,2026-09-11,0.67,0.69,0.6799999999999999,48,96,0.28565167480468745
put,655.0,0.09863013698630137,36,2026-09-11,0.72,0.74,0.73,15,63,0.2784495983886719
put,660.0,0.09863013698630137,36,2026-09-11,0.79,0.81,0.8,28,55,0.27210200561523434
put,665.0,0.09863013698630137,36,2026-09-11,0.84,0.87,0.855,20,46,0.2647778601074219
put,670.0,0.09863013698630137,36,2026-09-11,0.93,0.95,0.94,114,30,0.25818612915039063
put,675.0,0.09863013698630137,36,2026-09-11,1.0,1.03,1.0150000000000001,13,135,0.25110612182617187
put,680.0,0.09863013698630137,36,2026-09-11,1.1,1.13,1.115,13,133,0.24457542541503907
put,685.0,0.09863013698630137,36,2026-09-11,1.2,1.23,1.2149999999999999,97,6086,0.2375564526367187
put,690.0,0.09863013698630137,36,2026-09-11,1.35,1.36,1.355,114,133,0.23114782531738282
put,691.0,0.09863013698630137,36,2026-09-11,1.34,1.37,1.355,17,14,0.22925575439453127
put,692.0,0.09863013698630137,36,2026-09-11,1.36,1.39,1.375,13,164,0.22766885620117186
put,693.0,0.09863013698630137,36,2026-09-11,1.39,1.42,1.4049999999999998,1,265,0.2264481652832031
put,694.0,0.09863013698630137,36,2026-09-11,1.42,1.45,1.435,17,6662,0.22516643981933593
put,695.0,0.09863013698630137,36,2026-09-11,1.47,1.49,1.48,4,383,0.2241898870849609
put,696.0,0.09863013698630137,36,2026-09-11,1.51,1.54,1.525,16,241,0.2235185070800781
put,697.0,0.09863013698630137,36,2026-09-11,1.5,1.54,1.52,4,35,0.2211991943359375
put,698.0,0.09863013698630137,36,2026-09-11,1.54,1.57,1.5550000000000002,2,81,0.21985643432617186
put,699.0,0.09863013698630137,36,2026-09-11,1.59,1.63,1.6099999999999999,33,194,0.21936815795898437
put,700.0,0.09863013698630137,36,2026-09-11,1.63,1.66,1.645,6,558,0.2179643634033203
put,701.0,0.09863013698630137,36,2026-09-11,1.65,1.68,1.665,23,106,0.2161943615722656
put,702.0,0.09863013698630137,36,2026-09-11,1.71,1.74,1.725,162,306,0.2156145333862305
put,703.0,0.09863013698630137,36,2026-09-11,1.74,1.78,1.76,3,265,0.21442435974121093
put,704.0,0.09863013698630137,36,2026-09-11,1.78,1.81,1.795,20,39,0.21286797882080077
put,705.0,0.09863013698630137,36,2026-09-11,1.82,1.85,1.835,21,471,0.21161677062988277
put,706.0,0.09863013698630137,36,2026-09-11,1.84,1.88,1.8599999999999999,27,25,0.21002987243652343
put,707.0,0.09863013698630137,36,2026-09-11,1.9,1.93,1.915,192,206,0.20896176788330073
put,708.0,0.09863013698630137,36,2026-09-11,1.94,1.98,1.96,26,51,0.20786314605712886
put,709.0,0.09863013698630137,36,2026-09-11,1.99,2.03,2.01,35,39,0.20673400695800775
put,710.0,0.09863013698630137,36,2026-09-11,2.0,2.03,2.0149999999999997,12,205,0.20429262512207028
put,711.0,0.09863013698630137,36,2026-09-11,2.06,2.1,2.08,206,738,0.2036212451171875
put,712.0,0.09863013698630137,36,2026-09-11,2.09,2.14,2.115,1,75,0.20212589874267578
put,713.0,0.09863013698630137,36,2026-09-11,2.18,2.21,2.1950000000000003,6,41,0.20136296691894529
put,714.0,0.09863013698630137,36,2026-09-11,2.23,2.26,2.245,28,80,0.20005072418212888
put,715.0,0.09863013698630137,36,2026-09-11,2.24,2.28,2.26,4,274,0.19800606689453126
put,716.0,0.09863013698630137,36,2026-09-11,2.36,2.4,2.38,4,129,0.1982807223510742
put,717.0,0.09863013698630137,36,2026-09-11,2.36,2.41,2.385,6,155,0.1959614096069336
put,718.0,0.09863013698630137,36,2026-09-11,2.41,2.44,2.425,1,225,0.19409985595703128
put,719.0,0.09863013698630137,36,2026-09-11,2.48,2.52,2.5,14,33,0.19330640686035155
put,720.0,0.09863013698630137,36,2026-09-11,2.52,2.57,2.545,9,419,0.19178054321289065
put,721.0,0.09863013698630137,36,2026-09-11,2.61,2.66,2.635,4,24,0.1911091632080078
put,722.0,0.09863013698630137,36,2026-09-11,2.66,2.7,2.68,1,199,0.18933916137695314
put,723.0,0.09863013698630137,36,2026-09-11,2.78,2.82,2.8,4,49,0.1891560577392578
put,724.0,0.09863013698630137,36,2026-09-11,2.78,2.83,2.8049999999999997,58,38,0.1867146759033203
put,725.0,0.09863013698630137,36,2026-09-11,2.86,2.9,2.88,19,370,0.1854329504394531
put,726.0,0.09863013698630137,36,2026-09-11,2.94,2.98,2.96,60,278,0.18433432861328125
put,727.0,0.09863013698630137,36,2026-09-11,3.01,3.05,3.03,25,46,0.1829915686035156
put,728.0,0.09863013698630137,36,2026-09-11,3.09,3.13,3.11,1,264,0.18177087768554687
put,729.0,0.09863013698630137,36,2026-09-11,3.17,3.22,3.1950000000000003,3,178,0.1807027731323242
put,730.0,0.09863013698630137,36,2026-09-11,3.26,3.31,3.285,12,454,0.17957363403320312
put,731.0,0.09863013698630137,36,2026-09-11,3.41,3.46,3.435,11,36,0.17945156494140624
put,732.0,0.09863013698630137,36,2026-09-11,3.51,3.56,3.535,14,41,0.17841397766113282
put,733.0,0.09863013698630137,36,2026-09-11,3.62,3.66,3.64,2,470,0.17728483856201172
put,734.0,0.09863013698630137,36,2026-09-11,3.71,3.76,3.735,54,67,0.17609466491699222
put,735.0,0.09863013698630137,36,2026-09-11,3.72,3.77,3.745,14,195,0.17340914489746095
put,736.0,0.09863013698630137,36,2026-09-11,3.89,3.94,3.915,13,135,0.17328707580566405
put,737.0,0.09863013698630137,36,2026-09-11,3.93,3.97,3.95,2,21,0.17087621124267582
put,738.0,0.09863013698630137,36,2026-09-11,4.02,4.07,4.045,168,178,0.1695334512329102
put,739.0,0.09863013698630137,36,2026-09-11,4.15,4.2,4.175000000000001,30,133,0.16858741577148442
put,740.0,0.09863013698630137,36,2026-09-11,4.34,4.38,4.359999999999999,31,618,0.16831276031494147
put,741.0,0.09863013698630137,36,2026-09-11,4.37,4.43,4.4,10,229,0.16605448211669926
put,742.0,0.09863013698630137,36,2026-09-11,4.6,4.65,4.625,24,61,0.16623758575439457
put,743.0,0.09863013698630137,36,2026-09-11,4.61,4.67,4.640000000000001,1,75,0.16346051391601565
put,744.0,0.09863013698630137,36,2026-09-11,4.76,4.82,4.79,3,108,0.16251447845458983
put,745.0,0.09863013698630137,36,2026-09-11,4.98,5.05,5.015000000000001,72,1009,0.1625907716369629
put,746.0,0.09863013698630137,36,2026-09-11,5.01,5.08,5.045,4,45,0.1598594757080078
put,747.0,0.09863013698630137,36,2026-09-11,5.15,5.22,5.1850000000000005,16,33,0.15856249160766606
put,748.0,0.09863013698630137,36,2026-09-11,5.33,5.4,5.365,97,81,0.15775378387451172
put,750.0,0.09863013698630137,36,2026-09-11,5.66,5.73,5.695,8,480,0.15549550567626952
put,751.0,0.09863013698630137,36,2026-09-11,5.82,5.89,5.855,33,48,0.15418326293945314
put,752.0,0.09863013698630137,36,2026-09-11,6.01,6.08,6.045,2,46,0.15320671020507814
put,755.0,0.09863013698630137,36,2026-09-11,6.6,6.67,6.635,110,199,0.1500023965454102
put,759.0,0.09863013698630137,36,2026-09-11,7.4,7.47,7.4350000000000005,2,109,0.14481446014404298
put,770.0,0.09863013698630137,36,2026-09-11,10.54,10.69,10.614999999999998,33,198,0.1342554837036133
put,781.0,0.09863013698630137,36,2026-09-11,15.07,15.23,15.15,3,3,0.1238796109008789
call,300.0,0.19452054794520549,71,2026-10-16,475.81,478.63,477.22,50,59,1.0222216857910156
call,305.0,0.19452054794520549,71,2026-10-16,450.12,453.61,451.865,0,1,1.0000000000000003e-05
call,335.0,0.19452054794520549,71,2026-10-16,410.72,413.52,412.12,0,0,1.0000000000000003e-05
call,340.0,0.19452054794520549,71,2026-10-16,415.74,415.74,415.74,0,0,1.0000000000000003e-05
call,365.0,0.19452054794520549,71,2026-10-16,411.02,413.86,412.44,0,1,0.8447281152343749
call,400.0,0.19452054794520549,71,2026-10-16,363.08,363.08,363.08,0,0,1.0000000000000003e-05
call,405.0,0.19452054794520549,71,2026-10-16,351.06,354.54,352.8,0,1,1.0000000000000003e-05
call,410.0,0.19452054794520549,71,2026-10-16,346.11,349.62,347.865,0,1,1.0000000000000003e-05
call,420.0,0.19452054794520549,71,2026-10-16,325.71,328.53,327.12,0,4,1.0000000000000003e-05
call,440.0,0.19452054794520549,71,2026-10-16,336.59,339.42,338.005,0,1,0.6872589868164063
call,445.0,0.19452054794520549,71,2026-10-16,319.12,319.12,319.12,2,0,1.0000000000000003e-05
call,450.0,0.19452054794520549,71,2026-10-16,296.01,298.84,297.42499999999995,1,2,1.0000000000000003e-05
call,465.0,0.19452054794520549,71,2026-10-16,312.1,315.58,313.84000000000003,1,2,0.6658968957519533
call,485.0,0.19452054794520549,71,2026-10-16,291.99,294.81,293.4,3,2,0.6008340698242189
call,500.0,0.19452054794520549,71,2026-10-16,277.83,281.07,279.45,5,13,0.6059609716796877
call,505.0,0.19452054794520549,71,2026-10-16,241.75,244.58,243.16500000000002,1,2,1.0000000000000003e-05
call,510.0,0.19452054794520549,71,2026-10-16,267.92,271.11,269.515,1,7,0.5850871569824219
call,515.0,0.19452054794520549,71,2026-10-16,262.41,265.23,263.82000000000005,0,43,0.5502364312744141
call,520.0,0.19452054794520549,71,2026-10-16,257.41,260.24,258.82500000000005,1,11,0.5394333166503908
call,525.0,0.19452054794520549,71,2026-10-16,253.14,256.41,254.775,0,43,0.5590864404296876
call,530.0,0.19452054794520549,71,2026-10-16,217.19,220.36,218.775,4,5,1.0000000000000003e-05
call,535.0,0.19452054794520549,71,2026-10-16,212.2,215.12,213.66,0,1,1.0000000000000003e-05
call,540.0,0.19452054794520549,71,2026-10-16,237.39,240.9,239.14499999999998,1,2,0.5067188000488281
call,545.0,0.19452054794520549,71,2026-10-16,203.0,203.0,203.0,0,0,1.0000000000000003e-05
call,555.0,0.19452054794520549,71,2026-10-16,222.76,225.91,224.33499999999998,1,1,0.5217332983398437
call,560.0,0.19452054794520549,71,2026-10-16,217.76,221.32,219.54,1,36,0.5200548483276367
call,565.0,0.19452054794520549,71,2026-10-16,213.79,217.04,215.415,5,6,0.5244493356323242
call,570.0,0.19452054794520549,71,2026-10-16,177.93,181.15,179.54000000000002,10,12,1.0000000000000003e-05
call,575.0,0.19452054794520549,71,2026-10-16,203.92,207.1,205.51,1,6,0.5027515545654297
call,580.0,0.19452054794520549,71,2026-10-16,199.02,202.37,200.695,1,12,0.4967701690673829
call,585.0,0.19452054794520549,71,2026-10-16,194.12,197.43,195.775,21,22,0.4865468826293946
call,590.0,0.19452054794520549,71,2026-10-16,189.26,192.76,191.01,1,8,0.4814199807739258
call,595.0,0.19452054794520549,71,2026-10-16,184.33,187.62,185.97500000000002,1,9,0.4674125524902344
call,600.0,0.19452054794520549,71,2026-10-16,178.87,181.71,180.29000000000002,103,290,0.4390009713745118
call,605.0,0.19452054794520549,71,2026-10-16,174.56,177.84,176.2,1,11,0.4487970159912109
call,610.0,0.19452054794520549,71,2026-10-16,169.14,171.98,170.56,1,38,0.42212491943359376
call,615.0,0.19452054794520549,71,2026-10-16,164.54,167.96,166.25,1,2,0.4283504431152344
call,620.0,0.19452054794520549,71,2026-10-16,159.25,162.08,160.66500000000002,1,449,0.40204455383300786
call,625.0,0.19452054794520549,71,2026-10-16,154.81,158.35,156.57999999999998,1,238,0.4122983575439453
call,630.0,0.19452054794520549,71,2026-10-16,149.64,152.48,151.06,1,40,0.3869995382690429
call,635.0,0.19452054794520549,71,2026-10-16,145.69,148.65,147.17000000000002,1,4352,0.3944762701416016
call,640.0,0.19452054794520549,71,2026-10-16,139.91,142.74,141.325,3,426,0.36926900268554685
call,645.0,0.19452054794520549,71,2026-10-16,135.68,138.98,137.32999999999998,1,231,0.3768067691040039
call,650.0,0.19452054794520549,71,2026-10-16,130.25,133.09,131.67000000000002,2,92,0.3526065716552734
call,655.0,0.19452054794520549,71,2026-10-16,125.24,128.76,127.0,1,11,0.3511722598266601
call,660.0,0.19452054794520549,71,2026-10-16,121.38,124.6,122.99,2,267,0.3513858807373046
call,665.0,0.19452054794520549,71,2026-10-16,115.92,118.76,117.34,92,469,0.3288030987548828
call,670.0,0.19452054794520549,71,2026-10-16,111.08,114.98,113.03,48,486,0.33341120697021487
call,675.0,0.19452054794520549,71,2026-10-16,106.97,110.07,108.52,18,81,0.3230353341674803
call,680.0,0.19452054794520549,71,2026-10-16,102.25,105.52,103.88499999999999,17,2483,0.3169166209411621
call,685.0,0.19452054794520549,71,2026-10-16,97.57,100.8,99.185,1,1689,0.3085396295166015
call,690.0,0.19452054794520549,71,2026-10-16,92.28,95.12,93.7,6,1181,0.28900857482910147
call,695.0,0.19452054794520549,71,2026-10-16,88.25,91.21,89.72999999999999,6,1026,0.28955788574218744
call,700.0,0.19452054794520549,71,2026-10-16,83.31,86.5,84.905,3,807,0.28076891113281244
call,702.0,0.19452054794520549,71,2026-10-16,81.16,84.0,82.58,1,74,0.27066769378662114
call,705.0,0.19452054794520549,71,2026-10-16,78.94,82.24,80.59,3,335,0.27640494110107416
call,710.0,0.19452054794520549,71,2026-10-16,73.91,76.73,75.32,7,973,0.2590253541564942
call,711.0,0.19452054794520549,71,2026-10-16,73.56,76.63,75.095,42,3,0.26558656784057616
call,712.0,0.19452054794520549,71,2026-10-16,72.16,74.98,73.57,1,11,0.25666026550292964
call,713.0,0.19452054794520549,71,2026-10-16,71.74,74.97,73.35499999999999,2,3,0.263953893737793
call,714.0,0.19452054794520549,71,2026-10-16,70.04,73.53,71.785,1,9,0.25716380050659177
call,715.0,0.19452054794520549,71,2026-10-16,69.96,73.17,71.565,7,390,0.2608869078063965
call,716.0,0.19452054794520549,71,2026-10-16,69.1,72.18,70.64,1,16,0.25846078460693367
call,719.0,0.19452054794520549,71,2026-10-16,65.73,68.89,67.31,2,7,0.24814594635009768
call,720.0,0.19452054794520549,71,2026-10-16,65.62,68.64,67.13,29,419,0.25269302001953126
call,721.0,0.19452054794520549,71,2026-10-16,65.72,66.25,65.985,84,28,0.23705291763305664
call,722.0,0.19452054794520549,71,2026-10-16,64.39,66.38,65.38499999999999,1,7,0.2451552536010742
call,723.0,0.19452054794520549,71,2026-10-16,62.79,65.99,64.39,6,5,0.2482374981689453
call,725.0,0.19452054794520549,71,2026-10-16,61.21,63.17,62.19,14,385,0.2355728298950195
call,726.0,0.19452054794520549,71,2026-10-16,59.8,62.62,61.209999999999994,31,18,0.2371139521789551
call,727.0,0.19452054794520549,71,2026-10-16,58.81,61.63,60.22,4,4,0.23462679443359374
call,728.0,0.19452054794520549,71,2026-10-16,58.42,60.43,59.425,2,8,0.23023230712890624
call,729.0,0.19452054794520549,71,2026-10-16,57.15,59.96,58.555,5,18,0.23239903350830077
call,730.0,0.19452054794520549,71,2026-10-16,57.38,59.04,58.21,1,819,0.2304917039489746
call,731.0,0.19452054794520549,71,2026-10-16,55.4,58.22,56.81,1,54,0.2294541166687012
call,732.0,0.19452054794520549,71,2026-10-16,56.52,56.98,56.75,1,30,0.22470868072509764
call,733.0,0.19452054794520549,71,2026-10-16,53.7,56.52,55.11,1,176,0.2267838552856445
call,734.0,0.19452054794520549,71,2026-10-16,53.19,55.17,54.18,1,27,0.2210771252441406
call,735.0,0.19452054794520549,71,2026-10-16,51.92,53.55,52.735,93,1753,0.21303582382202146
call,736.0,0.19452054794520549,71,2026-10-16,51.3,54.34,52.82,44,49,0.2257767852783203
call,737.0,0.19452054794520549,71,2026-10-16,50.45,53.43,51.94,5,176,0.22382367980957027
call,738.0,0.19452054794520549,71,2026-10-16,49.28,52.53,50.905,58,154,0.2219316088867187
call,739.0,0.19452054794520549,71,2026-10-16,48.76,51.58,50.17,10,470,0.2196122961425781
call,740.0,0.19452054794520549,71,2026-10-16,49.17,50.76,49.965,191,1579,0.21836108795166015
call,741.0,0.19452054794520549,71,2026-10-16,47.2,49.12,48.16,2,209,0.2102740106201172
call,742.0,0.19452054794520549,71,2026-10-16,46.65,49.85,48.25,26,164,0.221763763885498
call,743.0,0.19452054794520549,71,2026-10-16,45.91,47.88,46.894999999999996,3,169,0.2110064251708984
call,744.0,0.19452054794520549,71,2026-10-16,44.84,46.82,45.83,27,231,0.20771055969238278
call,745.0,0.19452054794520549,71,2026-10-16,43.44,46.82,45.129999999999995,204,1653,0.2130053065490723
call,746.0,0.19452054794520549,71,2026-10-16,43.41,46.57,44.989999999999995,103,246,0.2161638442993164
call,747.0,0.19452054794520549,71,2026-10-16,43.42,45.03,44.225,3,245,0.20896176788330073
call,748.0,0.19452054794520549,71,2026-10-16,41.78,43.67,42.725,2,54,0.20320926193237304
call,749.0,0.19452054794520549,71,2026-10-16,41.09,42.96,42.025000000000006,5,355,0.20261417510986324
call,750.0,0.19452054794520549,71,2026-10-16,41.78,42.21,41.995000000000005,5,2833,0.2016833982849121
call,751.0,0.19452054794520549,71,2026-10-16,40.16,42.11,41.135,12,181,0.20580323013305662
call,752.0,0.19452054794520549,71,2026-10-16,38.57,40.67,39.620000000000005,4,474,0.19939460281372068
call,753.0,0.19452054794520549,71,2026-10-16,37.96,39.86,38.91,2,190,0.19788399780273438
call,754.0,0.19452054794520549,71,2026-10-16,37.24,39.19,38.215,6,572,0.19744149734497068
call,755.0,0.19452054794520549,71,2026-10-16,36.74,38.36,37.55,2,3277,0.19571727142333983
call,756.0,0.19452054794520549,71,2026-10-16,35.98,37.61,36.795,53,510,0.19458813232421873
call,757.0,0.19452054794520549,71,2026-10-16,34.94,36.9,35.92,38,187,0.19373364868164064
call,758.0,0.19452054794520549,71,2026-10-16,33.84,35.37,34.605000000000004,7,197,0.18660786544799807
call,759.0,0.19452054794520549,71,2026-10-16,33.09,35.71,34.400000000000006,6,317,0.19362683822631838
call,760.0,0.19452054794520549,71,2026-10-16,34.33,34.61,34.47,34,8269,0.1897206272888184
call,761.0,0.19452054794520549,71,2026-10-16,31.96,33.9,32.93,50,372,0.18871355728149414
call,762.0,0.19452054794520549,71,2026-10-16,32.67,33.12,32.894999999999996,235,257,0.1871495470428467
call,763.0,0.19452054794520549,71,2026-10-16,31.48,31.88,31.68,21,363,0.1821218263244629
call,764.0,0.19452054794520549,71,2026-10-16,30.7,32.27,31.485,30,280,0.18918657501220704
call,765.0,0.19452054794520549,71,2026-10-16,30.64,31.07,30.855,49,5145,0.18439536315917968
call,766.0,0.19452054794520549,71,2026-10-16,29.36,30.87,30.115000000000002,134,440,0.18695881408691406
call,767.0,0.19452054794520549,71,2026-10-16,28.7,30.19,29.445,1,267,0.18592885612487792
call,768.0,0.19452054794520549,71,2026-10-16,28.04,29.53,28.785,1,255,0.185005708618164
call,769.0,0.19452054794520549,71,2026-10-16,28.03,28.39,28.21,48,251,0.1805501867675781
call,770.0,0.19452054794520549,71,2026-10-16,27.28,27.53,27.405,1035,7922,0.17809354629516605
call,771.0,0.19452054794520549,71,2026-10-16,26.78,27.08,26.93,1,560,0.17859708129882812
call,772.0,0.19452054794520549,71,2026-10-16,26.0,26.32,26.16,3,284,0.1767813035583496
call,773.0,0.19452054794520549,71,2026-10-16,25.36,25.7,25.53,1,576,0.1759573371887207
call,774.0,0.19452054794520549,71,2026-10-16,24.74,24.94,24.84,35,444,0.17406526626586916
call,775.0,0.19452054794520549,71,2026-10-16,24.19,24.46,24.325000000000003,8,3497,0.17415681808471684
call,776.0,0.19452054794520549,71,2026-10-16,23.02,23.33,23.174999999999997,9,270,0.16950293395996097
call,777.0,0.19452054794520549,71,2026-10-16,23.12,23.2,23.16,15,301,0.17202060897827148
call,778.0,0.19452054794520549,71,2026-10-16,22.48,22.56,22.52,1714,1765,0.17081517669677737
call,779.0,0.19452054794520549,71,2026-10-16,22.05,22.13,22.09,30,1051,0.17108983215332033
call,780.0,0.19452054794520549,71,2026-10-16,20.84,20.91,20.875,22,5526,0.16558146438598637
call,781.0,0.19452054794520549,71,2026-10-16,20.85,20.93,20.89,251,697,0.16899939895629884
call,782.0,0.19452054794520549,71,2026-10-16,20.32,20.38,20.35,165,414,0.16825172576904301
call,783.0,0.19452054794520549,71,2026-10-16,19.77,19.85,19.810000000000002,670,547,0.1675956044006348
call,784.0,0.19452054794520549,71,2026-10-16,19.13,19.21,19.17,4,616,0.1660849993896485
call,785.0,0.19452054794520549,71,2026-10-16,18.71,18.78,18.745,62,2480,0.16605448211669926
call,786.0,0.19452054794520549,71,2026-10-16,18.18,18.26,18.22,28,157,0.16530680892944338
call,787.0,0.19452054794520549,71,2026-10-16,17.55,17.61,17.58,59,320,0.16356732437133792
call,788.0,0.19452054794520549,71,2026-10-16,17.11,17.18,17.145,92,152,0.16338422073364262
call,789.0,0.19452054794520549,71,2026-10-16,16.47,16.55,16.509999999999998,90,143,0.1616599948120117
call,790.0,0.19452054794520549,71,2026-10-16,16.11,16.19,16.15,3,8478,0.16188887435913085
call,791.0,0.19452054794520549,71,2026-10-16,15.7,15.77,15.735,182,382,0.16161421890258787
call,792.0,0.19452054794520549,71,2026-10-16,15.29,15.36,15.325,57,114,0.1613700807189941
call,793.0,0.19452054794520549,71,2026-10-16,14.77,14.83,14.8,171,254,0.1601646484375
call,794.0,0.19452054794520549,71,2026-10-16,14.41,14.47,14.440000000000001,31,80,0.16017990707397461
call,795.0,0.19452054794520549,71,2026-10-16,13.47,13.54,13.504999999999999,32,6489,0.15583119567871095
call,796.0,0.19452054794520549,71,2026-10-16,13.55,13.61,13.58,63,661,0.1590049920654297
call,797.0,0.19452054794520549,71,2026-10-16,13.1,13.17,13.135,56,1021,0.15825731887817385
call,798.0,0.19452054794520549,71,2026-10-16,12.73,12.8,12.765,1,1205,0.15798266342163086
call,799.0,0.19452054794520549,71,2026-10-16,12.3,12.37,12.335,505,1065,0.1571892143249512
call,800.0,0.19452054794520549,71,2026-10-16,11.98,12.05,12.015,102,6024,0.1572044729614258
call,805.0,0.19452054794520549,71,2026-10-16,9.98,10.04,10.01,3,1808,0.15313041702270513
call,810.0,0.19452054794520549,71,2026-10-16,8.42,8.48,8.45,92,5856,0.15122308746337892
call,815.0,0.19452054794520549,71,2026-10-16,7.17,7.23,7.2,40,8309,0.15058222473144534
call,820.0,0.19452054794520549,71,2026-10-16,6.01,6.06,6.035,222,6801,0.14933101654052733
call,825.0,0.19452054794520549,71,2026-10-16,4.98,5.04,5.01,273,2522,0.1481103256225586
call,830.0,0.19452054794520549,71,2026-10-16,4.14,4.18,4.16,4,1550,0.14722532470703126
call,835.0,0.19452054794520549,71,2026-10-16,3.39,3.44,3.415,127,394,0.1463403237915039
call,840.0,0.19452054794520549,71,2026-10-16,2.81,2.84,2.825,155,1003,0.14594359924316402
call,845.0,0.19452054794520549,71,2026-10-16,2.32,2.35,2.335,2,548,0.1458825646972656
call,850.0,0.19452054794520549,71,2026-10-16,1.88,1.91,1.895,143,8393,0.14539428833007811
call,855.0,0.19452054794520549,71,2026-10-16,1.5,1.54,1.52,161,682,0.1448449774169922
call,860.0,0.19452054794520549,71,2026-10-16,1.31,1.33,1.32,12,394,0.1466760137939453
call,865.0,0.19452054794520549,71,2026-10-16,1.03,1.07,1.05,250,649,0.1463708410644531
call,870.0,0.19452054794520549,71,2026-10-16,0.89,0.93,0.91,174,333,0.14838498107910159
call,875.0,0.19452054794520549,71,2026-10-16,0.73,0.76,0.745,16,607,0.14862911926269531
call,880.0,0.19452054794520549,71,2026-10-16,0.65,0.67,0.66,6,403,0.150948432006836
call,885.0,0.19452054794520549,71,2026-10-16,0.55,0.58,0.565,27,83,0.15271843383789066
call,890.0,0.19452054794520549,71,2026-10-16,0.47,0.49,0.48,18,167,0.15393912475585939
call,895.0,0.19452054794520549,71,2026-10-16,0.42,0.44,0.43,2,335,0.15650257568359377
call,900.0,0.19452054794520549,71,2026-10-16,0.35,0.37,0.36,99,2331,0.15747912841796874
call,905.0,0.19452054794520549,71,2026-10-16,0.31,0.33,0.32,2,65,0.15979844116210937
call,910.0,0.19452054794520549,71,2026-10-16,0.27,0.29,0.28,10,329,0.16162947753906248
call,915.0,0.19452054794520549,71,2026-10-16,0.23,0.26,0.245,147,840,0.16394879028320314
call,920.0,0.19452054794520549,71,2026-10-16,0.22,0.24,0.22999999999999998,45,187,0.1667563793945313
call,925.0,0.19452054794520549,71,2026-10-16,0.19,0.2,0.195,2,85,0.16748879394531252
call,930.0,0.19452054794520549,71,2026-10-16,0.16,0.18,0.16999999999999998,1,371,0.16968603759765627
call,935.0,0.19452054794520549,71,2026-10-16,0.15,0.17,0.16,101,404,0.17285983398437502
call,940.0,0.19452054794520549,71,2026-10-16,0.14,0.16,0.15000000000000002,2,22,0.1757894921875
call,945.0,0.19452054794520549,71,2026-10-16,0.13,0.14,0.135,9,96,0.1772543212890625
call,950.0,0.19452054794520549,71,2026-10-16,0.11,0.13,0.12,34,129,0.179695703125
call,955.0,0.19452054794520549,71,2026-10-16,0.1,0.12,0.11,500,18,0.1821370849609375
call,960.0,0.19452054794520549,71,2026-10-16,0.09,0.11,0.1,32,44,0.18457846679687498
call,965.0,0.19452054794520549,71,2026-10-16,0.08,0.1,0.09,25,23,0.186531572265625
call,970.0,0.19452054794520549,71,2026-10-16,0.07,0.09,0.08,120,30,0.188484677734375
call,975.0,0.19452054794520549,71,2026-10-16,0.07,0.09,0.08,630,584,0.19214675048828128
call,980.0,0.19452054794520549,71,2026-10-16,0.06,0.08,0.07,532,290,0.19336744140625
call,985.0,0.19452054794520549,71,2026-10-16,0.06,0.08,0.07,258,191,0.19727365234375
call,990.0,0.19452054794520549,71,2026-10-16,0.05,0.07,0.060000000000000005,8,221,0.198250205078125
call,995.0,0.19452054794520549,71,2026-10-16,0.05,0.07,0.060000000000000005,4,18,0.20215641601562498
call,1000.0,0.19452054794520549,71,2026-10-16,0.04,0.06,0.05,31,943,0.20264469238281246
put,300.0,0.19452054794520549,71,2026-10-16,0.05,0.06,0.055,1,3737,0.7050810742187501
put,305.0,0.19452054794520549,71,2026-10-16,0.05,0.07,0.060000000000000005,2,185,0.6992217578125001
put,310.0,0.19452054794520549,71,2026-10-16,0.05,0.07,0.060000000000000005,10,2127,0.6875031250000001
put,315.0,0.19452054794520549,71,2026-10-16,0.05,0.09,0.07,2,110,0.68555001953125
put,320.0,0.19452054794520549,71,2026-10-16,0.06,0.08,0.07,4,861,0.6738313867187502
put,325.0,0.19452054794520549,71,2026-10-16,0.06,0.08,0.07,134,316,0.6621127539062501
put,330.0,0.19452054794520549,71,2026-10-16,0.07,0.09,0.08,1,52,0.659183095703125
put,335.0,0.19452054794520549,71,2026-10-16,0.07,0.09,0.08,1,53,0.648441015625
put,340.0,0.19452054794520549,71,2026-10-16,0.08,0.1,0.09,5,90,0.6445348046875
put,345.0,0.19452054794520549,71,2026-10-16,0.08,0.1,0.09,10,83,0.632816171875
put,350.0,0.19452054794520549,71,2026-10-16,0.09,0.11,0.1,1816,10197,0.6289099609375001
put,355.0,0.19452054794520549,71,2026-10-16,0.09,0.11,0.1,5071,8500,0.6181678808593751
put,360.0,0.19452054794520549,71,2026-10-16,0.1,0.12,0.11,2135,2998,0.6132851171875001
put,365.0,0.19452054794520549,71,2026-10-16,0.11,0.12,0.11499999999999999,15,44,0.6054726953125001
put,370.0,0.19452054794520549,71,2026-10-16,0.11,0.13,0.12,10,28,0.5976602734375001
put,375.0,0.19452054794520549,71,2026-10-16,0.12,0.14,0.13,4005,4010,0.5922892333984376
put,380.0,0.19452054794520549,71,2026-10-16,0.13,0.14,0.135,5,860,0.5839885351562499
put,385.0,0.19452054794520549,71,2026-10-16,0.13,0.15,0.14,5,182,0.57617611328125
put,390.0,0.19452054794520549,71,2026-10-16,0.14,0.16,0.15000000000000002,5,113,0.570316796875
put,395.0,0.19452054794520549,71,2026-10-16,0.15,0.17,0.16,5,93,0.5644574804687501
put,400.0,0.19452054794520549,71,2026-10-16,0.16,0.18,0.16999999999999998,63,21176,0.5581098876953126
put,405.0,0.19452054794520549,71,2026-10-16,0.17,0.19,0.18,10,3083,0.551762294921875
put,410.0,0.19452054794520549,71,2026-10-16,0.18,0.2,0.19,200,356,0.5449264257812501
put,415.0,0.19452054794520549,71,2026-10-16,0.19,0.21,0.2,1090,1095,0.5385788330078126
put,420.0,0.19452054794520549,71,2026-10-16,0.2,0.22,0.21000000000000002,30,1131,0.5317429638671876
put,425.0,0.19452054794520549,71,2026-10-16,0.22,0.23,0.225,2,154597,0.526371923828125
put,430.0,0.19452054794520549,71,2026-10-16,0.23,0.24,0.235,25,15052,0.5190477783203125
put,435.0,0.19452054794520549,71,2026-10-16,0.24,0.25,0.245,68,99,0.5122119091796875
put,440.0,0.19452054794520549,71,2026-10-16,0.25,0.27,0.26,2,62,0.5063525927734375
put,445.0,0.19452054794520549,71,2026-10-16,0.26,0.28,0.27,7,3245,0.5012256909179689
put,450.0,0.19452054794520549,71,2026-10-16,0.28,0.3,0.29000000000000004,26,1232,0.49609878906250005
put,455.0,0.19452054794520549,71,2026-10-16,0.3,0.31,0.305,2,72,0.4887746435546876
put,460.0,0.19452054794520549,71,2026-10-16,0.31,0.33,0.32,1,316,0.4831594653320313
put,465.0,0.19452054794520549,71,2026-10-16,0.33,0.34,0.335,1,2528,0.47559118164062497
put,470.0,0.19452054794520549,71,2026-10-16,0.35,0.36,0.355,1,212,0.4699760034179688
put,475.0,0.19452054794520549,71,2026-10-16,0.36,0.38,0.37,10,174,0.463872548828125
put,480.0,0.19452054794520549,71,2026-10-16,0.38,0.4,0.39,7,6113,0.4580132324218751
put,485.0,0.19452054794520549,71,2026-10-16,0.4,0.42,0.41000000000000003,1,149,0.45166563964843753
put,490.0,0.19452054794520549,71,2026-10-16,0.42,0.43,0.425,4,90,0.4440973559570312
put,495.0,0.19452054794520549,71,2026-10-16,0.44,0.46,0.45,10,179,0.43921459228515625
put,500.0,0.19452054794520549,71,2026-10-16,0.46,0.48,0.47,36,3415,0.432622861328125
put,505.0,0.19452054794520549,71,2026-10-16,0.48,0.5,0.49,3,379,0.42627526855468756
put,510.0,0.19452054794520549,71,2026-10-16,0.51,0.52,0.515,2,1373,0.41968353759765625
put,515.0,0.19452054794520549,71,2026-10-16,0.54,0.55,0.545,5,281,0.414068359375
put,520.0,0.19452054794520549,71,2026-10-16,0.57,0.58,0.575,9,627,0.40820904296875
put,525.0,0.19452054794520549,71,2026-10-16,0.59,0.61,0.6,37,300912,0.4023497265625
put,530.0,0.19452054794520549,71,2026-10-16,0.63,0.65,0.64,44,696,0.39722282470703124
put,535.0,0.19452054794520549,71,2026-10-16,0.66,0.67,0.665,11,271,0.39038695556640624
put,540.0,0.19452054794520549,71,2026-10-16,0.69,0.71,0.7,11,4163,0.3848938464355468
put,545.0,0.19452054794520549,71,2026-10-16,0.73,0.75,0.74,1,570,0.3794007373046875
put,550.0,0.19452054794520549,71,2026-10-16,0.77,0.79,0.78,2,12838,0.37366348999023435
put,555.0,0.19452054794520549,71,2026-10-16,0.81,0.83,0.8200000000000001,17,111,0.36780417358398443
put,560.0,0.19452054794520549,71,2026-10-16,0.85,0.86,0.855,108,269,0.36121244262695307
put,565.0,0.19452054794520549,71,2026-10-16,0.89,0.91,0.9,5,360,0.3557193334960937
put,570.0,0.19452054794520549,71,2026-10-16,0.93,0.95,0.94,13,832,0.3494938098144531
put,575.0,0.19452054794520549,71,2026-10-16,0.99,1.01,1.0,12,631,0.3443669079589844
put,580.0,0.19452054794520549,71,2026-10-16,1.04,1.06,1.05,12,775,0.33850759155273435
put,585.0,0.19452054794520549,71,2026-10-16,1.09,1.12,1.105,70,1762,0.3329534478759766
put,590.0,0.19452054794520549,71,2026-10-16,1.15,1.18,1.165,4,3395,0.3272772351074219
put,595.0,0.19452054794520549,71,2026-10-16,1.21,1.24,1.225,13,1592,0.32141791870117187
put,600.0,0.19452054794520549,71,2026-10-16,1.29,1.32,1.3050000000000002,2,11729,0.31629101684570304
put,605.0,0.19452054794520549,71,2026-10-16,1.35,1.38,1.365,57,2128,0.31012652770996096
put,610.0,0.19452054794520549,71,2026-10-16,1.43,1.45,1.44,309,2935,0.3042061767578125
put,615.0,0.19452054794520549,71,2026-10-16,1.51,1.53,1.52,18,369,0.2985909985351562
put,620.0,0.19452054794520549,71,2026-10-16,1.6,1.63,1.615,7,2249,0.29340306213378897
put,625.0,0.19452054794520549,71,2026-10-16,1.68,1.71,1.6949999999999998,283,155609,0.2873606420898437
put,630.0,0.19452054794520549,71,2026-10-16,1.8,1.83,1.815,28,1694,0.28241684387207033
put,635.0,0.19452054794520549,71,2026-10-16,1.89,1.92,1.9049999999999998,1,407,0.2763133892822265
put,640.0,0.19452054794520549,71,2026-10-16,2.03,2.06,2.045,1,4805,0.27149166015625
put,645.0,0.19452054794520549,71,2026-10-16,2.17,2.2,2.185,26,9191,0.2663342410278321
put,650.0,0.19452054794520549,71,2026-10-16,2.29,2.31,2.3,6,18891,0.2601392346191406
put,655.0,0.19452054794520549,71,2026-10-16,2.46,2.49,2.475,145,8561,0.25547009185791025
put,660.0,0.19452054794520549,71,2026-10-16,2.62,2.65,2.635,1,4521,0.2500075
put,665.0,0.19452054794520549,71,2026-10-16,2.78,2.82,2.8,2,1773,0.24445335632324222
put,670.0,0.19452054794520549,71,2026-10-16,3.02,3.05,3.035,23,1817,0.23984524810791014
put,675.0,0.19452054794520549,71,2026-10-16,3.2,3.24,3.22,225,4537,0.23407748352050778
put,680.0,0.19452054794520549,71,2026-10-16,3.46,3.5,3.48,10,19391,0.2292862716674805
put,685.0,0.19452054794520549,71,2026-10-16,3.7,3.75,3.725,1,1384,0.22394574890136715
put,690.0,0.19452054794520549,71,2026-10-16,3.97,4.01,3.99,21,7657,0.21836108795166015
put,695.0,0.19452054794520549,71,2026-10-16,4.28,4.33,4.305,378,2183,0.2133562551879883
put,700.0,0.19452054794520549,71,2026-10-16,4.63,4.66,4.645,375,11461,0.20801573242187496
put,701.0,0.19452054794520549,71,2026-10-16,4.76,4.81,4.785,341,656,0.20807676696777339
put,702.0,0.19452054794520549,71,2026-10-16,4.84,4.89,4.865,29,288,0.20710021423339842
put,703.0,0.19452054794520549,71,2026-10-16,4.85,4.9,4.875,81,449,0.20519288467407226
put,704.0,0.19452054794520549,71,2026-10-16,4.98,5.03,5.005000000000001,535,662,0.20487245330810544
put,705.0,0.19452054794520549,71,2026-10-16,5.02,5.07,5.045,5,3598,0.2033465896606445
put,706.0,0.19452054794520549,71,2026-10-16,5.1,5.15,5.125,26,159,0.20230900238037108
put,707.0,0.19452054794520549,71,2026-10-16,5.15,5.2,5.175000000000001,119,342,0.20087469055175777
put,708.0,0.19452054794520549,71,2026-10-16,5.33,5.38,5.355,88,266,0.2010883114624023
put,709.0,0.19452054794520549,71,2026-10-16,5.33,5.39,5.359999999999999,148,754,0.1991046887207031
put,710.0,0.19452054794520549,71,2026-10-16,5.5,5.54,5.52,21,11116,0.19886055053710935
put,711.0,0.19452054794520549,71,2026-10-16,5.51,5.57,5.54,262,3821,0.19712106597900392
put,712.0,0.19452054794520549,71,2026-10-16,5.65,5.7,5.675000000000001,62,189,0.19657175506591795
put,713.0,0.19452054794520549,71,2026-10-16,5.69,5.74,5.715,29,238,0.19492382232666017
put,714.0,0.19452054794520549,71,2026-10-16,5.77,5.83,5.8,168,300,0.19385571777343752
put,715.0,0.19452054794520549,71,2026-10-16,5.87,5.92,5.895,2,4464,0.19275709594726562
put,716.0,0.19452054794520549,71,2026-10-16,5.96,6.02,5.99,2,391,0.19178054321289065
put,717.0,0.19452054794520549,71,2026-10-16,6.17,6.22,6.195,54,160,0.19190261230468753
put,718.0,0.19452054794520549,71,2026-10-16,6.18,6.23,6.205,35,108,0.18982743774414065
put,719.0,0.19452054794520549,71,2026-10-16,6.28,6.34,6.3100000000000005,17,101,0.18888140228271483
put,720.0,0.19452054794520549,71,2026-10-16,6.37,6.42,6.395,72,10745,0.18756915954589842
put,721.0,0.19452054794520549,71,2026-10-16,6.58,6.64,6.609999999999999,12,170,0.18778278045654295
put,722.0,0.19452054794520549,71,2026-10-16,6.57,6.63,6.6,32,486,0.1854329504394531
put,723.0,0.19452054794520549,71,2026-10-16,6.72,6.76,6.74,131,235,0.18460898406982418
put,724.0,0.19452054794520549,71,2026-10-16,6.92,6.98,6.95,32,95,0.18470053588867186
put,725.0,0.19452054794520549,71,2026-10-16,7.05,7.1,7.074999999999999,2,4996,0.18369346588134766
put,726.0,0.19452054794520549,71,2026-10-16,7.05,7.11,7.08,126,346,0.1815267395019531
put,727.0,0.19452054794520549,71,2026-10-16,7.22,7.27,7.244999999999999,276,398,0.1808858767700195
put,728.0,0.19452054794520549,71,2026-10-16,7.32,7.38,7.35,2,515,0.1797109617614746
put,729.0,0.19452054794520549,71,2026-10-16,7.42,7.47,7.445,384,402,0.17830716720581058
put,730.0,0.19452054794520549,71,2026-10-16,7.57,7.63,7.6,218,12140,0.17759001129150392
put,731.0,0.19452054794520549,71,2026-10-16,7.71,7.77,7.74,35,445,0.1766287171936035
put,732.0,0.19452054794520549,71,2026-10-16,8.0,8.06,8.030000000000001,419,467,0.1771017349243164
put,733.0,0.19452054794520549,71,2026-10-16,8.09,8.16,8.125,2325,2404,0.17569794036865233
put,734.0,0.19452054794520549,71,2026-10-16,8.15,8.21,8.18,1,167,0.17377535217285156
put,735.0,0.19452054794520549,71,2026-10-16,8.35,8.41,8.379999999999999,51,3396,0.17328707580566405
put,736.0,0.19452054794520549,71,2026-10-16,8.57,8.64,8.605,53,802,0.17301242034912112
put,737.0,0.19452054794520549,71,2026-10-16,8.58,8.65,8.615,2,616,0.1706625903320313
put,738.0,0.19452054794520549,71,2026-10-16,8.73,8.8,8.765,50,1948,0.1695944857788086
put,739.0,0.19452054794520549,71,2026-10-16,8.94,9.0,8.969999999999999,279,568,0.16895362304687503
put,740.0,0.19452054794520549,71,2026-10-16,9.11,9.17,9.14,30,7117,0.16800758758544926
put,741.0,0.19452054794520549,71,2026-10-16,9.22,9.28,9.25,10,388,0.16648172393798832
put,742.0,0.19452054794520549,71,2026-10-16,9.46,9.52,9.49,73,441,0.1660849993896485
put,743.0,0.19452054794520549,71,2026-10-16,9.61,9.67,9.64,74,504,0.1648643084716797
put,744.0,0.19452054794520549,71,2026-10-16,9.87,9.93,9.899999999999999,51,110,0.1645591357421875
put,745.0,0.19452054794520549,71,2026-10-16,10.02,10.08,10.05,50,6046,0.1632621516418457
put,746.0,0.19452054794520549,71,2026-10-16,10.36,10.43,10.395,2,289,0.16362835891723637
put,747.0,0.19452054794520549,71,2026-10-16,10.41,10.47,10.440000000000001,109,249,0.1613395634460449
put,748.0,0.19452054794520549,71,2026-10-16,10.54,10.61,10.575,11,215,0.1598594757080078
put,749.0,0.19452054794520549,71,2026-10-16,10.79,10.86,10.825,125,180,0.15926438888549804
put,750.0,0.19452054794520549,71,2026-10-16,10.99,11.04,11.015,77,6259,0.15805895660400393
put,751.0,0.19452054794520549,71,2026-10-16,11.18,11.26,11.219999999999999,37,252,0.15714343841552736
put,752.0,0.19452054794520549,71,2026-10-16,11.46,11.53,11.495000000000001,152,630,0.15657886886596684
put,753.0,0.19452054794520549,71,2026-10-16,11.91,11.97,11.940000000000001,94,432,0.15734180068969728
put,754.0,0.19452054794520549,71,2026-10-16,11.91,11.98,11.945,2,736,0.15461050476074223
put,755.0,0.19452054794520549,71,2026-10-16,12.15,12.22,12.185,15,4173,0.15369498657226563
put,756.0,0.19452054794520549,71,2026-10-16,12.43,12.51,12.469999999999999,251,279,0.15311515838623052
put,757.0,0.19452054794520549,71,2026-10-16,12.67,12.74,12.705,122,70,0.1520317951965332
put,758.0,0.19452054794520549,71,2026-10-16,12.98,13.06,13.02,98,115,0.15158929473876953
put,759.0,0.19452054794520549,71,2026-10-16,13.18,13.26,13.219999999999999,31,248,0.1501855001831055
put,760.0,0.19452054794520549,71,2026-10-16,13.48,13.55,13.515,23,2029,0.149422568359375
put,761.0,0.19452054794520549,71,2026-10-16,14.01,14.09,14.05,1,25,0.1505211901855469
put,762.0,0.19452054794520549,71,2026-10-16,14.12,14.2,14.16,1,31,0.1482934292602539
put,763.0,0.19452054794520549,71,2026-10-16,14.32,14.4,14.36,173,479,0.14670653106689452
put,764.0,0.19452054794520549,71,2026-10-16,14.62,14.7,14.66,257,254,0.1458367887878418
put,765.0,0.19452054794520549,71,2026-10-16,14.93,15.0,14.965,42,1032,0.14490601196289063
put,766.0,0.19452054794520549,71,2026-10-16,15.24,15.33,15.285,124,117,0.14415833877563478
put,767.0,0.19452054794520549,71,2026-10-16,15.52,15.61,15.565,4,926,0.14298342376708983
put,768.0,0.19452054794520549,71,2026-10-16,15.85,15.94,15.895,1,153,0.14212894012451172
put,769.0,0.19452054794520549,71,2026-10-16,16.24,16.33,16.284999999999997,252,210,0.14165592239379882
put,770.0,0.19452054794520549,71,2026-10-16,16.65,16.73,16.689999999999998,79,3542,0.1412134219360352
put,772.0,0.19452054794520549,71,2026-10-16,17.4,17.48,17.439999999999998,22,446,0.1397791101074219
put,773.0,0.19452054794520549,71,2026-10-16,18.06,18.14,18.1,199,139,0.14104557693481445
put,775.0,0.19452054794520549,71,2026-10-16,18.43,18.52,18.475,57,544,0.13657479644775394
put,778.0,0.19452054794520549,71,2026-10-16,19.69,19.78,19.735,3,4,0.1344385873413086
put,780.0,0.19452054794520549,71,2026-10-16,20.56,20.64,20.6,387,465,0.1328516891479492
put,782.0,0.19452054794520549,71,2026-10-16,21.46,21.56,21.509999999999998,1,29,0.13144789459228517
put,785.0,0.19452054794520549,71,2026-10-16,22.91,23.0,22.955,4,314,0.12927353889465332
put,789.0,0.19452054794520549,71,2026-10-16,24.92,25.16,25.04,2,1,0.12719073501586914
put,790.0,0.19452054794520549,71,2026-10-16,25.34,25.61,25.475,26,15,0.12581745773315428
put,792.0,0.19452054794520549,71,2026-10-16,26.93,28.37,27.65,0,0,0.137002038269043
put,793.0,0.19452054794520549,71,2026-10-16,26.39,28.96,27.675,4,0,0.13655953781127933
put,795.0,0.19452054794520549,71,2026-10-16,28.13,28.48,28.305,1,1,0.12250633361816407
put,800.0,0.19452054794520549,71,2026-10-16,31.19,31.53,31.36,11,146,0.11863063995361328
put,805.0,0.19452054794520549,71,2026-10-16,34.47,35.96,35.215,6,9,0.12484090499877928
put,810.0,0.19452054794520549,71,2026-10-16,38.59,40.31,39.45,4,5,0.12946427185058595
put,815.0,0.19452054794520549,71,2026-10-16,40.37,43.67,42.019999999999996,6,2,0.1230403858947754
put,820.0,0.19452054794520549,71,2026-10-16,63.79,67.3,65.545,1,0,0.29161780166625967
put,830.0,0.19452054794520549,71,2026-10-16,73.5,73.5,73.5,6,0,1.0000000000000003e-05
put,835.0,0.19452054794520549,71,2026-10-16,58.32,61.16,59.739999999999995,1,1,0.12384909362792969
put,845.0,0.19452054794520549,71,2026-10-16,68.03,70.88,69.455,1,0,0.13306531005859373
put,850.0,0.19452054794520549,71,2026-10-16,71.99,75.14,73.565,2,2,0.12275047180175781
put,855.0,0.19452054794520549,71,2026-10-16,76.73,80.13,78.43,1,0,0.12867082275390623
put,865.0,0.19452054794520549,71,2026-10-16,130.29,130.29,130.29,0,0,1.0000000000000003e-05
put,895.0,0.19452054794520549,71,2026-10-16,145.67,145.67,145.67,2,0,1.0000000000000003e-05
put,1000.0,0.19452054794520549,71,2026-10-16,253.4,262.51,257.955,0,0,0.7128477201843262
call,325.0,0.29041095890410956,106,2026-11-20,431.32,434.78,433.04999999999995,0,1,1.0000000000000003e-05
call,340.0,0.29041095890410956,106,2026-11-20,416.6,420.11,418.355,0,1,1.0000000000000003e-05
call,350.0,0.29041095890410956,106,2026-11-20,427.26,430.97,429.115,0,1,0.8216570568847656
call,380.0,0.29041095890410956,106,2026-11-20,377.36,380.87,379.115,0,1,1.0000000000000003e-05
call,400.0,0.29041095890410956,106,2026-11-20,340.95,340.95,340.95,0,0,1.0000000000000003e-05
call,410.0,0.29041095890410956,106,2026-11-20,368.07,371.36,369.71500000000003,0,1,0.6966583068847658
call,415.0,0.29041095890410956,106,2026-11-20,332.38,335.75,334.065,0,0,1.0000000000000003e-05
call,430.0,0.29041095890410956,106,2026-11-20,349.06,352.17,350.615,0,1,0.6788972540283205
call,435.0,0.29041095890410956,106,2026-11-20,323.5,326.96,325.23,1,21,1.0000000000000003e-05
call,440.0,0.29041095890410956,106,2026-11-20,325.14,325.14,325.14,1,0,1.0000000000000003e-05
call,450.0,0.29041095890410956,106,2026-11-20,328.87,332.39,330.63,5,16,0.6344030700683594
call,465.0,0.29041095890410956,106,2026-11-20,313.92,317.44,315.68,0,1,0.6032144171142579
call,470.0,0.29041095890410956,106,2026-11-20,309.76,313.02,311.39,1,1,0.6103554589843752
call,485.0,0.29041095890410956,106,2026-11-20,274.68,278.09,276.385,0,2,1.0000000000000003e-05
call,490.0,0.29041095890410956,106,2026-11-20,290.19,293.35,291.77,20,33,0.5763592169189453
call,500.0,0.29041095890410956,106,2026-11-20,279.98,283.27,281.625,4,2,0.5523116058349609
call,510.0,0.29041095890410956,106,2026-11-20,269.77,273.29,271.53,1,1,0.5297898583984376
call,515.0,0.29041095890410956,106,2026-11-20,264.94,268.46,266.7,12,98,0.5232591619873046
call,520.0,0.29041095890410956,106,2026-11-20,260.17,263.46,261.815,2,4,0.5155077746582031
call,525.0,0.29041095890410956,106,2026-11-20,255.96,259.06,257.51,2,10,0.5190477783203125
call,530.0,0.29041095890410956,106,2026-11-20,251.06,254.18,252.62,2,39,0.5109301837158204
call,535.0,0.29041095890410956,106,2026-11-20,246.18,249.3,247.74,1,1,0.503056727294922
call,540.0,0.29041095890410956,106,2026-11-20,240.75,244.27,242.51,1,4,0.5191393301391601
call,545.0,0.29041095890410956,106,2026-11-20,236.42,239.94,238.18,1,2,0.5194445028686524
call,550.0,0.29041095890410956,106,2026-11-20,231.53,235.08,233.305,1,15,0.5111438046264648
call,560.0,0.29041095890410956,106,2026-11-20,203.19,203.19,203.19,1,0,1.0000000000000003e-05
call,565.0,0.29041095890410956,106,2026-11-20,216.59,220.15,218.37,1,2,0.48120635986328125
call,570.0,0.29041095890410956,106,2026-11-20,212.12,215.25,213.685,3,3,0.4724479025268554
call,575.0,0.29041095890410956,106,2026-11-20,206.4,209.92,208.16,1,4,0.457585990600586
call,580.0,0.29041095890410956,106,2026-11-20,201.88,205.39,203.635,3,4,0.454107021484375
call,585.0,0.29041095890410956,106,2026-11-20,196.64,200.16,198.39999999999998,2,3,0.44089304229736326
call,600.0,0.29041095890410956,106,2026-11-20,182.46,185.69,184.075,1,1504,0.4179898289489746
call,605.0,0.29041095890410956,106,2026-11-20,178.3,181.44,179.87,1,1,0.417425259399414
call,610.0,0.29041095890410956,106,2026-11-20,173.49,176.64,175.065,1,7,0.4097959411621094
call,615.0,0.29041095890410956,106,2026-11-20,168.75,171.85,170.3,1,11,0.4022429161071777
call,620.0,0.29041095890410956,106,2026-11-20,163.96,167.06,165.51,1,3,0.3946288565063477
call,625.0,0.29041095890410956,106,2026-11-20,158.39,161.87,160.13,1,2,0.3824219473266601
call,630.0,0.29041095890410956,106,2026-11-20,139.86,139.86,139.86,0,0,1.0000000000000003e-05
call,635.0,0.29041095890410956,106,2026-11-20,149.6,152.87,151.235,29,138,0.373404093170166
call,640.0,0.29041095890410956,106,2026-11-20,144.86,148.04,146.45,1,265,0.36510339492797855
call,645.0,0.29041095890410956,106,2026-11-20,140.13,143.35,141.74,1,68,0.3581912326049804
call,650.0,0.29041095890410956,106,2026-11-20,135.42,138.66,137.04,3,35,0.3511722598266601
call,655.0,0.29041095890410956,106,2026-11-20,130.74,134.09,132.41500000000002,4,11,0.3452213916015625
call,660.0,0.29041095890410956,106,2026-11-20,125.25,128.95,127.1,1,66,0.3336706037902832
call,665.0,0.29041095890410956,106,2026-11-20,120.4,123.91,122.155,69,72,0.32309636871337877
call,670.0,0.29041095890410956,106,2026-11-20,116.76,119.98,118.37,1,418,0.3227606787109374
call,675.0,0.29041095890410956,106,2026-11-20,112.16,115.36,113.75999999999999,1,66,0.3157874818420409
call,680.0,0.29041095890410956,106,2026-11-20,107.56,110.71,109.13499999999999,5,285,0.3084175604248046
call,685.0,0.29041095890410956,106,2026-11-20,103.07,106.19,104.63,1,141,0.3020089331054688
call,690.0,0.29041095890410956,106,2026-11-20,97.44,100.95,99.195,3,1020,0.28945107528686514
call,695.0,0.29041095890410956,106,2026-11-20,92.92,96.7,94.81,1,71,0.2849955534362792
call,700.0,0.29041095890410956,106,2026-11-20,89.47,92.6,91.035,14,1364,0.2814097738647461
call,705.0,0.29041095890410956,106,2026-11-20,84.26,87.71,85.985,1,161,0.27138484970092774
call,710.0,0.29041095890410956,106,2026-11-20,79.98,83.25,81.61500000000001,10,353,0.26453372192382807
call,715.0,0.29041095890410956,106,2026-11-20,75.49,78.98,77.235,3,56,0.2588269918823243
call,720.0,0.29041095890410956,106,2026-11-20,71.22,74.45,72.83500000000001,2,1514,0.25095353546142574
call,725.0,0.29041095890410956,106,2026-11-20,67.77,69.75,68.75999999999999,6,1579,0.24166102584838867
call,730.0,0.29041095890410956,106,2026-11-20,63.46,65.47,64.465,3,770,0.23508455352783203
call,735.0,0.29041095890410956,106,2026-11-20,59.29,62.55,60.92,8,548,0.23726653854370117
call,740.0,0.29041095890410956,106,2026-11-20,55.25,58.51,56.879999999999995,33,727,0.23139196350097657
call,745.0,0.29041095890410956,106,2026-11-20,51.21,53.25,52.230000000000004,54,2256,0.2172777247619629
call,750.0,0.29041095890410956,106,2026-11-20,46.99,50.09,48.540000000000006,111,3273,0.21628591339111325
call,755.0,0.29041095890410956,106,2026-11-20,43.55,45.56,44.555,59,1665,0.206138920135498
call,760.0,0.29041095890410956,106,2026-11-20,41.66,42.04,41.849999999999994,6,5488,0.20179783805847168
call,765.0,0.29041095890410956,106,2026-11-20,37.88,38.21,38.045,8,4518,0.19498485687255857
call,770.0,0.29041095890410956,106,2026-11-20,34.69,35.05,34.87,6,4713,0.19159743957519532
call,775.0,0.29041095890410956,106,2026-11-20,31.48,31.88,31.68,10,2917,0.18746234909057619
call,780.0,0.29041095890410956,106,2026-11-20,28.58,28.67,28.625,979,4796,0.18236596450805664
call,785.0,0.29041095890410956,106,2026-11-20,25.75,25.82,25.785,1015,3441,0.17865811584472657
call,790.0,0.29041095890410956,106,2026-11-20,22.97,23.09,23.03,814,3731,0.17485871536254882
call,795.0,0.29041095890410956,106,2026-11-20,20.58,20.62,20.6,2,2677,0.17177647079467773
call,800.0,0.29041095890410956,106,2026-11-20,18.25,18.31,18.28,17,1404,0.1687857780456543
call,805.0,0.29041095890410956,106,2026-11-20,16.12,16.2,16.16,47,2330,0.16614603393554692
call,810.0,0.29041095890410956,106,2026-11-20,13.79,13.87,13.829999999999998,3085,7500,0.1611106838989258
call,815.0,0.29041095890410956,106,2026-11-20,12.44,12.52,12.48,5,1020,0.16156844299316403
call,820.0,0.29041095890410956,106,2026-11-20,10.83,10.9,10.865,1,1217,0.1593406820678711
call,825.0,0.29041095890410956,106,2026-11-20,9.44,9.48,9.46,3,3835,0.1575554216003418
call,830.0,0.29041095890410956,106,2026-11-20,8.14,8.2,8.17,3,1421,0.15584645431518557
call,835.0,0.29041095890410956,106,2026-11-20,6.99,7.06,7.025,83,518,0.1542748147583008
call,840.0,0.29041095890410956,106,2026-11-20,5.79,5.86,5.825,342,508,0.15110101837158207
call,845.0,0.29041095890410956,106,2026-11-20,5.15,5.21,5.18,1,675,0.1519707606506348
call,850.0,0.29041095890410956,106,2026-11-20,4.41,4.47,4.4399999999999995,1,3062,0.15119257019042973
call,855.0,0.29041095890410956,106,2026-11-20,3.61,3.67,3.6399999999999997,28,434,0.14872067108154297
call,860.0,0.29041095890410956,106,2026-11-20,3.2,3.26,3.23,43,210,0.1498803274536133
call,865.0,0.29041095890410956,106,2026-11-20,2.7,2.76,2.73,706,662,0.14917843017578125
call,870.0,0.29041095890410956,106,2026-11-20,2.22,2.26,2.24,117,188,0.14749998016357424
call,875.0,0.29041095890410956,106,2026-11-20,1.97,2.0,1.9849999999999999,7,23205,0.14869015380859374
call,880.0,0.29041095890410956,106,2026-11-20,1.68,1.72,1.7,14,470,0.14896480926513672
call,885.0,0.29041095890410956,106,2026-11-20,1.41,1.44,1.4249999999999998,253,731,0.1484765328979492
call,890.0,0.29041095890410956,106,2026-11-20,1.2,1.24,1.22,13,503,0.1489342919921875
call,895.0,0.29041095890410956,106,2026-11-20,1.01,1.05,1.03,5,985,0.1489342919921875
call,900.0,0.29041095890410956,106,2026-11-20,0.88,0.91,0.895,2705,1984,0.14966670654296876
call,905.0,0.29041095890410956,106,2026-11-20,0.77,0.8,0.785,35,900,0.15076532836914067
call,910.0,0.29041095890410956,106,2026-11-20,0.66,0.69,0.675,1,93,0.15137567382812503
call,915.0,0.29041095890410956,106,2026-11-20,0.61,0.63,0.62,4,128,0.15338981384277345
call,920.0,0.29041095890410956,106,2026-11-20,0.52,0.55,0.535,7,135,0.15424429748535157
call,925.0,0.29041095890410956,106,2026-11-20,0.47,0.5,0.485,17,65,0.1560753338623047
call,930.0,0.29041095890410956,106,2026-11-20,0.41,0.43,0.42,6,42,0.15656361022949222
call,935.0,0.29041095890410956,106,2026-11-20,0.37,0.39,0.38,1,5,0.15821154296875
call,940.0,0.29041095890410956,106,2026-11-20,0.32,0.35,0.33499999999999996,1,422,0.1596763720703125
call,945.0,0.29041095890410956,106,2026-11-20,0.3,0.32,0.31,5,86,0.16138533935546873
call,950.0,0.29041095890410956,106,2026-11-20,0.26,0.28,0.27,1,1062,0.16223982299804687
call,955.0,0.29041095890410956,106,2026-11-20,0.23,0.25,0.24,10,16,0.16346051391601565
call,960.0,0.29041095890410956,106,2026-11-20,0.21,0.24,0.22499999999999998,1,18,0.16614603393554692
call,965.0,0.29041095890410956,106,2026-11-20,0.19,0.22,0.20500000000000002,4,49,0.16785500122070315
call,970.0,0.29041095890410956,106,2026-11-20,0.17,0.19,0.18,2,5,0.1682212084960938
call,975.0,0.29041095890410956,106,2026-11-20,0.16,0.18,0.16999999999999998,1,5,0.17054052124023442
call,980.0,0.29041095890410956,106,2026-11-20,0.14,0.16,0.15000000000000002,2,33,0.17163914306640626
call,985.0,0.29041095890410956,106,2026-11-20,0.13,0.16,0.14500000000000002,70,379,0.174812939453125
call,990.0,0.29041095890410956,106,2026-11-20,0.12,0.14,0.13,187,462,0.1753012158203125
call,995.0,0.29041095890410956,106,2026-11-20,0.11,0.13,0.12,1,384,0.17701018310546873
call,1000.0,0.29041095890410956,106,2026-11-20,0.1,0.12,0.11,60,688,0.178719150390625
put,300.0,0.29041095890410956,106,2026-11-20,0.15,0.17,0.16,113,3340,0.6401403173828125
put,305.0,0.29041095890410956,106,2026-11-20,0.16,0.18,0.16999999999999998,1,409,0.6333044482421876
put,310.0,0.29041095890410956,106,2026-11-20,0.17,0.19,0.18,3,54,0.6264685791015626
put,315.0,0.29041095890410956,106,2026-11-20,0.18,0.2,0.19,1,10,0.6196327099609377
put,320.0,0.29041095890410956,106,2026-11-20,0.19,0.21,0.2,1,3,0.6127968408203126
put,325.0,0.29041095890410956,106,2026-11-20,0.2,0.22,0.21000000000000002,1,102,0.6054726953125001
put,330.0,0.29041095890410956,106,2026-11-20,0.21,0.23,0.22,1,18,0.5986368261718751
put,335.0,0.29041095890410956,106,2026-11-20,0.22,0.24,0.22999999999999998,1,1,0.5913126806640626
put,340.0,0.29041095890410956,106,2026-11-20,0.23,0.25,0.24,1,4,0.5844768115234374
put,345.0,0.29041095890410956,106,2026-11-20,0.25,0.26,0.255,1,73,0.5786174951171875
put,350.0,0.29041095890410956,106,2026-11-20,0.26,0.28,0.27,3,751,0.5722699023437501
put,355.0,0.29041095890410956,106,2026-11-20,0.27,0.29,0.28,2,117,0.5649457568359376
put,360.0,0.29041095890410956,106,2026-11-20,0.28,0.3,0.29000000000000004,1,90,0.5578657495117189
put,365.0,0.29041095890410956,106,2026-11-20,0.3,0.32,0.31,1,84,0.55273884765625
put,370.0,0.29041095890410956,106,2026-11-20,0.31,0.33,0.32,10025,10026,0.5454147021484376
put,375.0,0.29041095890410956,106,2026-11-20,0.33,0.35,0.33999999999999997,293,262,0.5400436621093752
put,380.0,0.29041095890410956,106,2026-11-20,0.34,0.36,0.35,122,151036,0.5327195166015625
put,385.0,0.29041095890410956,106,2026-11-20,0.36,0.38,0.37,3,22,0.5268602001953125
put,390.0,0.29041095890410956,106,2026-11-20,0.37,0.39,0.38,100001,100311,0.5195360546875
put,395.0,0.29041095890410956,106,2026-11-20,0.4,0.41,0.405,2,151,0.514653291015625
put,400.0,0.29041095890410956,106,2026-11-20,0.41,0.43,0.42,7,295,0.5080615600585938
put,405.0,0.29041095890410956,106,2026-11-20,0.43,0.45,0.44,41,286,0.5022022436523439
put,410.0,0.29041095890410956,106,2026-11-20,0.45,0.47,0.45999999999999996,10,1090,0.4975636181640626
put,415.0,0.29041095890410956,106,2026-11-20,0.47,0.49,0.48,1,252,0.4914601635742188
put,420.0,0.29041095890410956,106,2026-11-20,0.49,0.51,0.5,20,589,0.485356708984375
put,425.0,0.29041095890410956,106,2026-11-20,0.51,0.53,0.52,3,30,0.47900911621093745
put,430.0,0.29041095890410956,106,2026-11-20,0.54,0.55,0.545,7,78,0.47290566162109376
put,435.0,0.29041095890410956,106,2026-11-20,0.56,0.57,0.565,45,117,0.46655806884765627
put,440.0,0.29041095890410956,106,2026-11-20,0.58,0.6,0.59,4,61,0.46130909790039065
put,445.0,0.29041095890410956,106,2026-11-20,0.61,0.63,0.62,1,50,0.4559380578613281
put,450.0,0.29041095890410956,106,2026-11-20,0.64,0.65,0.645,11,1090,0.44946839599609373
put,455.0,0.29041095890410956,106,2026-11-20,0.66,0.68,0.67,20,110,0.4440973559570312
put,460.0,0.29041095890410956,106,2026-11-20,0.68,0.7,0.69,23,717,0.437505625
put,465.0,0.29041095890410956,106,2026-11-20,0.72,0.74,0.73,3002,3014,0.4327449304199219
put,470.0,0.29041095890410956,106,2026-11-20,0.74,0.76,0.75,5,669,0.42627526855468756
put,475.0,0.29041095890410956,106,2026-11-20,0.77,0.8,0.785,31,252,0.42127043579101564
put,480.0,0.29041095890410956,106,2026-11-20,0.82,0.84,0.83,2,5284,0.4161435339355468
put,485.0,0.29041095890410956,106,2026-11-20,0.86,0.88,0.87,1,178,0.41089456298828125
put,490.0,0.29041095890410956,106,2026-11-20,0.89,0.92,0.905,1,144,0.4056455920410156
put,495.0,0.29041095890410956,106,2026-11-20,0.92,0.95,0.935,4,171,0.39954213745117195
put,500.0,0.29041095890410956,106,2026-11-20,0.96,0.98,0.97,492,300848,0.393560751953125
put,505.0,0.29041095890410956,106,2026-11-20,1.02,1.04,1.03,5,202,0.3891662646484375
put,510.0,0.29041095890410956,106,2026-11-20,1.06,1.08,1.07,41,200119,0.38355108642578123
put,515.0,0.29041095890410956,106,2026-11-20,1.1,1.12,1.11,7,198,0.3778748736572265
put,520.0,0.29041095890410956,106,2026-11-20,1.16,1.18,1.17,3,317,0.37317521362304684
put,525.0,0.29041095890410956,106,2026-11-20,1.21,1.23,1.22,7,198,0.36780417358398443
put,530.0,0.29041095890410956,106,2026-11-20,1.27,1.29,1.28,34,345,0.3629214099121094
put,535.0,0.29041095890410956,106,2026-11-20,1.32,1.34,1.33,4,33,0.35736726623535153
put,540.0,0.29041095890410956,106,2026-11-20,1.38,1.41,1.395,301,330,0.3526676062011719
put,545.0,0.29041095890410956,106,2026-11-20,1.44,1.47,1.455,5,315,0.3473576007080078
put,550.0,0.29041095890410956,106,2026-11-20,1.52,1.54,1.53,34,694,0.34241380249023434
put,555.0,0.29041095890410956,106,2026-11-20,1.59,1.62,1.605,10,31,0.3377141424560547
put,560.0,0.29041095890410956,106,2026-11-20,1.67,1.69,1.68,29,4774,0.3325262060546875
put,565.0,0.29041095890410956,106,2026-11-20,1.75,1.77,1.76,1,2006,0.3275213732910156
put,570.0,0.29041095890410956,106,2026-11-20,1.82,1.85,1.835,221,694,0.32245550598144523
put,575.0,0.29041095890410956,106,2026-11-20,1.91,1.94,1.9249999999999998,68,884,0.31757274230957033
put,580.0,0.29041095890410956,106,2026-11-20,2.0,2.04,2.02,330,632,0.31287308227539057
put,585.0,0.29041095890410956,106,2026-11-20,2.1,2.14,2.12,5,387,0.30799031860351556
put,590.0,0.29041095890410956,106,2026-11-20,2.21,2.24,2.225,13,1498,0.3030465203857422
put,595.0,0.29041095890410956,106,2026-11-20,2.32,2.36,2.34,5,543,0.2984078948974609
put,600.0,0.29041095890410956,106,2026-11-20,2.45,2.49,2.47,177,2366,0.2938913385009765
put,605.0,0.29041095890410956,106,2026-11-20,2.56,2.6,2.58,24,596,0.28873391937255855
put,610.0,0.29041095890410956,106,2026-11-20,2.71,2.73,2.7199999999999998,98,991,0.28388167297363276
put,615.0,0.29041095890410956,106,2026-11-20,2.86,2.89,2.875,2,481,0.2795482202148437
put,620.0,0.29041095890410956,106,2026-11-20,3.0,3.02,3.01,2,150888,0.2743908010864258
put,625.0,0.29041095890410956,106,2026-11-20,3.18,3.21,3.1950000000000003,25,942,0.27027096923828126
put,630.0,0.29041095890410956,106,2026-11-20,3.34,3.38,3.36,332,100921,0.26557130920410155
put,635.0,0.29041095890410956,106,2026-11-20,3.54,3.59,3.565,115,274,0.2613599255371094
put,640.0,0.29041095890410956,106,2026-11-20,3.74,3.78,3.76,6,656,0.25659923095703124
put,645.0,0.29041095890410956,106,2026-11-20,3.94,3.99,3.965,172,1090,0.25196060546875
put,650.0,0.29041095890410956,106,2026-11-20,4.16,4.2,4.18,6,11780,0.2471083590698242
put,655.0,0.29041095890410956,106,2026-11-20,4.43,4.48,4.455,328,11093,0.24311059631347653
put,660.0,0.29041095890410956,106,2026-11-20,4.69,4.74,4.715,7,10585,0.23853300537109373
put,665.0,0.29041095890410956,106,2026-11-20,4.95,5.0,4.975,79,511,0.2337417935180664
put,670.0,0.29041095890410956,106,2026-11-20,5.27,5.32,5.295,3,2968,0.2294693753051758
put,675.0,0.29041095890410956,106,2026-11-20,5.59,5.65,5.62,1,2565,0.2250291120910644
put,680.0,0.29041095890410956,106,2026-11-20,5.99,6.05,6.02,5,1911,0.22112290115356442
put,685.0,0.29041095890410956,106,2026-11-20,6.37,6.43,6.4,54,5744,0.2166521206665039
put,690.0,0.29041095890410956,106,2026-11-20,6.77,6.82,6.795,1,5827,0.21199823654174804
put,695.0,0.29041095890410956,106,2026-11-20,7.18,7.25,7.215,152,1519,0.2074359042358398
put,700.0,0.29041095890410956,106,2026-11-20,7.65,7.72,7.6850000000000005,23,19146,0.20294986511230467
put,705.0,0.29041095890410956,106,2026-11-20,8.13,8.2,8.165,1,2976,0.19818917053222657
put,710.0,0.29041095890410956,106,2026-11-20,8.65,8.72,8.685,3,2502,0.1934589932250977
put,715.0,0.29041095890410956,106,2026-11-20,9.25,9.32,9.285,6,6980,0.18903398864746096
put,720.0,0.29041095890410956,106,2026-11-20,9.86,9.93,9.895,419,6327,0.1842732940673828
put,725.0,0.29041095890410956,106,2026-11-20,10.58,10.66,10.620000000000001,13,9304,0.18003139312744143
put,730.0,0.29041095890410956,106,2026-11-20,11.37,11.44,11.405,2,2416,0.17569794036865233
put,735.0,0.29041095890410956,106,2026-11-20,12.22,12.24,12.23,40,3394,0.17099828033447267
put,740.0,0.29041095890410956,106,2026-11-20,13.09,13.17,13.129999999999999,91,2105,0.16669534484863285
put,745.0,0.29041095890410956,106,2026-11-20,14.13,14.21,14.170000000000002,7,3071,0.16256788368225097
put,750.0,0.29041095890410956,106,2026-11-20,15.23,15.32,15.275,7,1842,0.15827257751464846
put,755.0,0.29041095890410956,106,2026-11-20,16.45,16.54,16.494999999999997,16,2608,0.15400778861999512
put,760.0,0.29041095890410956,106,2026-11-20,17.8,17.9,17.85,3,1101,0.1498955860900879
put,765.0,0.29041095890410956,106,2026-11-20,19.35,19.46,19.405,20,925,0.14623351333618162
put,770.0,0.29041095890410956,106,2026-11-20,20.99,21.11,21.049999999999997,55,1149,0.14226626785278318
put,775.0,0.29041095890410956,106,2026-11-20,22.83,22.95,22.89,515,295,0.13851264328002932
put,780.0,0.29041095890410956,106,2026-11-20,24.83,24.95,24.89,11,358,0.1347285014343262
put,785.0,0.29041095890410956,106,2026-11-20,27.09,27.22,27.155,2,44,0.13150892913818357
put,790.0,0.29041095890410956,106,2026-11-20,29.33,29.46,29.395,18,190,0.12694659683227538
put,795.0,0.29041095890410956,106,2026-11-20,31.94,32.28,32.11,1,32,0.12473409454345702
put,800.0,0.29041095890410956,106,2026-11-20,35.03,35.15,35.09,31,173,0.1215908154296875
put,805.0,0.29041095890410956,106,2026-11-20,37.62,39.57,38.595,2,21,0.12756457160949708
put,810.0,0.29041095890410956,106,2026-11-20,40.26,42.95,41.605000000000004,10,0,0.1256496127319336
put,815.0,0.29041095890410956,106,2026-11-20,44.37,46.19,45.28,53,31,0.12131615997314452
put,820.0,0.29041095890410956,106,2026-11-20,63.95,67.46,65.705,2,0,0.24059292129516602
put,825.0,0.29041095890410956,106,2026-11-20,51.06,54.5,52.78,100,100,0.12329978271484376
put,830.0,0.29041095890410956,106,2026-11-20,56.05,58.08,57.065,20,0,0.11718106948852539
put,850.0,0.29041095890410956,106,2026-11-20,109.23,112.51,110.87,19,0,0.3927749321746826
put,865.0,0.29041095890410956,106,2026-11-20,118.14,118.14,118.14,1,0,1.0000000000000003e-05
put,900.0,0.29041095890410956,106,2026-11-20,153.33,156.84,155.085,0,0,0.44052683502197265
put,950.0,0.29041095890410956,106,2026-11-20,193.86,197.3,195.58,1,0,0.4429682168579102
call,150.0,0.36712328767123287,134,2026-12-18,624.85,628.12,626.485,2,6,1.1596721704101562
call,200.0,0.36712328767123287,134,2026-12-18,576.26,579.4,577.8299999999999,3,738,1.107426337890625
call,210.0,0.36712328767123287,134,2026-12-18,535.25,538.72,536.985,2,382,1.0000000000000003e-05
call,220.0,0.36712328767123287,134,2026-12-18,519.23,522.72,520.975,71,82,1.0000000000000003e-05
call,230.0,0.36712328767123287,134,2026-12-18,523.56,526.89,525.2249999999999,1,14,1.0000000000000003e-05
call,240.0,0.36712328767123287,134,2026-12-18,536.3,539.62,537.96,1,27,0.9741213525390625
call,245.0,0.36712328767123287,134,2026-12-18,424.91,428.79,426.85,4,21,1.0000000000000003e-05
call,250.0,0.36712328767123287,134,2026-12-18,526.1,529.61,527.855,7,146,0.9348151049804687
call,255.0,0.36712328767123287,134,2026-12-18,500.96,504.62,502.78999999999996,1,4,1.0000000000000003e-05
call,260.0,0.36712328767123287,134,2026-12-18,517.29,520.57,518.9300000000001,1,16,0.9681399670410156
call,265.0,0.36712328767123287,134,2026-12-18,430.6,434.44,432.52,2,120,1.0000000000000003e-05
call,270.0,0.36712328767123287,134,2026-12-18,476.35,479.88,478.115,2,65,1.0000000000000003e-05
call,275.0,0.36712328767123287,134,2026-12-18,502.48,505.83,504.155,1,126,0.9331061376953125
call,280.0,0.36712328767123287,134,2026-12-18,460.84,464.31,462.575,1,56,1.0000000000000003e-05
call,285.0,0.36712328767123287,134,2026-12-18,385.58,389.46,387.52,2,103,1.0000000000000003e-05
call,290.0,0.36712328767123287,134,2026-12-18,369.0,369.0,369.0,1,0,1.0000000000000003e-05
call,295.0,0.36712328767123287,134,2026-12-18,393.0,397.73,395.365,1,78,1.0000000000000003e-05
call,300.0,0.36712328767123287,134,2026-12-18,478.01,481.06,479.53499999999997,1,241,0.8774426318359375
call,305.0,0.36712328767123287,134,2026-12-18,437.57,437.57,437.57,2,0,1.0000000000000003e-05
call,310.0,0.36712328767123287,134,2026-12-18,446.05,446.05,446.05,1,0,1.0000000000000003e-05
call,315.0,0.36712328767123287,134,2026-12-18,436.98,440.41,438.69500000000005,9,147,1.0000000000000003e-05
call,320.0,0.36712328767123287,134,2026-12-18,458.36,461.43,459.895,1,29,0.8371598315429687
call,325.0,0.36712328767123287,134,2026-12-18,432.54,436.05,434.295,1,58,1.0000000000000003e-05
call,330.0,0.36712328767123287,134,2026-12-18,415.5,415.5,415.5,1,0,1.0000000000000003e-05
call,335.0,0.36712328767123287,134,2026-12-18,422.77,426.28,424.525,1,11,1.0000000000000003e-05
call,340.0,0.36712328767123287,134,2026-12-18,308.13,308.13,308.13,11,0,1.0000000000000003e-05
call,345.0,0.36712328767123287,134,2026-12-18,416.84,416.84,416.84,2,0,1.0000000000000003e-05
call,350.0,0.36712328767123287,134,2026-12-18,428.98,432.27,430.625,5,74,0.7852804675292968
call,355.0,0.36712328767123287,134,2026-12-18,423.04,426.55,424.795,1,13,0.7451807708740235
call,360.0,0.36712328767123287,134,2026-12-18,418.42,421.78,420.1,10,21,0.7436549072265625
call,365.0,0.36712328767123287,134,2026-12-18,414.34,417.51,415.92499999999995,1,75,0.7576318182373047
call,370.0,0.36712328767123287,134,2026-12-18,408.52,411.83,410.17499999999995,1,111,0.7225369543457032
call,375.0,0.36712328767123287,134,2026-12-18,403.61,406.93,405.27,3,15,0.713992117919922
call,380.0,0.36712328767123287,134,2026-12-18,398.7,402.1,400.4,2,35,0.7065459033203125
call,385.0,0.36712328767123287,134,2026-12-18,372.67,376.16,374.415,4,23,1.0000000000000003e-05
call,390.0,0.36712328767123287,134,2026-12-18,388.91,392.24,390.57500000000005,1,145,0.6890900231933594
call,395.0,0.36712328767123287,134,2026-12-18,360.82,360.82,360.82,5,0,1.0000000000000003e-05
call,400.0,0.36712328767123287,134,2026-12-18,379.98,383.27,381.625,10,13719,0.6950714086914063
call,405.0,0.36712328767123287,134,2026-12-18,351.33,351.33,351.33,1,0,1.0000000000000003e-05
call,410.0,0.36712328767123287,134,2026-12-18,370.08,373.42,371.75,1,160,0.6758455267333985
call,415.0,0.36712328767123287,134,2026-12-18,365.19,368.53,366.86,41,328,0.6674837939453127
call,420.0,0.36712328767123287,134,2026-12-18,360.3,363.64,361.97,3,171,0.6591220611572266
call,425.0,0.36712328767123287,134,2026-12-18,355.42,358.58,357.0,1,282,0.6489903265380859
call,430.0,0.36712328767123287,134,2026-12-18,349.89,353.09,351.49,6,167,0.626377027282715
call,435.0,0.36712328767123287,134,2026-12-18,310.6,314.05,312.32500000000005,3,103,1.0000000000000003e-05
call,440.0,0.36712328767123287,134,2026-12-18,340.75,344.02,342.385,1,327,0.6255835781860352
call,445.0,0.36712328767123287,134,2026-12-18,335.86,339.19,337.525,1,97,0.6180458117675782
call,450.0,0.36712328767123287,134,2026-12-18,330.34,333.67,332.005,10,214,0.5966226861572266
call,455.0,0.36712328767123287,134,2026-12-18,312.43,312.43,312.43,4,0,1.0000000000000003e-05
call,460.0,0.36712328767123287,134,2026-12-18,321.2,324.54,322.87,2,170,0.5939982006835938
call,465.0,0.36712328767123287,134,2026-12-18,315.49,318.88,317.185,2,89,0.5701336932373047
call,470.0,0.36712328767123287,134,2026-12-18,310.63,314.01,312.32,1,244,0.56290109954834
call,475.0,0.36712328767123287,134,2026-12-18,305.75,309.13,307.44,1,1119,0.5553938504028321
call,480.0,0.36712328767123287,134,2026-12-18,301.78,305.03,303.405,7,212,0.563602996826172
call,485.0,0.36712328767123287,134,2026-12-18,296.93,300.16,298.545,1,872,0.5561262649536134
call,490.0,0.36712328767123287,134,2026-12-18,291.96,295.28,293.62,3,853,0.5475203939819336
call,495.0,0.36712328767123287,134,2026-12-18,286.14,289.65,287.895,1,1997,0.5249986465454101
call,500.0,0.36712328767123287,134,2026-12-18,281.66,284.78,283.22,1,3672,0.5211229528808592
call,505.0,0.36712328767123287,134,2026-12-18,277.35,280.69,279.02,5,1504,0.5248765774536133
call,510.0,0.36712328767123287,134,2026-12-18,271.55,275.07,273.31,6,1978,0.5035755209350586
call,515.0,0.36712328767123287,134,2026-12-18,266.69,270.21,268.45,3,2192,0.5239305419921875
call,520.0,0.36712328767123287,134,2026-12-18,262.16,265.36,263.76,4,3080,0.5163622583007812
call,525.0,0.36712328767123287,134,2026-12-18,257.35,260.5,258.925,1,824,0.5086719055175781
call,530.0,0.36712328767123287,134,2026-12-18,252.21,255.65,253.93,7,2135,0.501103621826172
call,535.0,0.36712328767123287,134,2026-12-18,248.31,251.56,249.935,8,2378,0.5038806936645508
call,540.0,0.36712328767123287,134,2026-12-18,242.67,245.97,244.32,1,3484,0.48627222717285157
call,545.0,0.36712328767123287,134,2026-12-18,238.47,241.89,240.18,7,1714,0.4887746435546876
call,550.0,0.36712328767123287,134,2026-12-18,233.73,236.96,235.345,2,4045,0.4800161862182617
call,555.0,0.36712328767123287,134,2026-12-18,228.9,232.23,230.565,2,1688,0.47376014526367194
call,560.0,0.36712328767123287,134,2026-12-18,224.08,227.2,225.64,8,1930,0.46381151428222656
call,565.0,0.36712328767123287,134,2026-12-18,218.52,221.99,220.255,1,1624,0.4517571914672852
call,570.0,0.36712328767123287,134,2026-12-18,213.56,216.75,215.155,5,5237,0.43945873046875
call,575.0,0.36712328767123287,134,2026-12-18,209.64,212.81,211.225,3,856,0.4425104577636719
call,580.0,0.36712328767123287,134,2026-12-18,204.84,208.05,206.445,1,2012,0.43576614044189454
call,585.0,0.36712328767123287,134,2026-12-18,200.08,203.38,201.73000000000002,1,1010,0.42996785858154296
call,590.0,0.36712328767123287,134,2026-12-18,195.16,198.6,196.88,2,985,0.4228878512573242
call,595.0,0.36712328767123287,134,2026-12-18,189.84,193.0,191.42000000000002,1,1530,0.4070646452331543
call,600.0,0.36712328767123287,134,2026-12-18,185.63,189.05,187.34,1,4613,0.4087583538818359
call,605.0,0.36712328767123287,134,2026-12-18,180.22,183.7,181.95999999999998,2,3102,0.395788512878418
call,610.0,0.36712328767123287,134,2026-12-18,175.36,178.88,177.12,1,1327,0.3882965223693848
call,615.0,0.36712328767123287,134,2026-12-18,171.39,174.72,173.055,4,1456,0.3872436764526367
call,620.0,0.36712328767123287,134,2026-12-18,166.66,170.08,168.37,13,2727,0.38127754959106436
call,625.0,0.36712328767123287,134,2026-12-18,161.21,164.63,162.92000000000002,31,1562,0.3676515872192383
call,630.0,0.36712328767123287,134,2026-12-18,156.73,159.93,158.32999999999998,7,912,0.36113614944458
call,635.0,0.36712328767123287,134,2026-12-18,151.79,155.31,153.55,1,1748,0.35526157440185535
call,640.0,0.36712328767123287,134,2026-12-18,148.0,151.29,149.64499999999998,17,2219,0.3545139012145995
call,645.0,0.36712328767123287,134,2026-12-18,143.29,146.55,144.92000000000002,28,1027,0.34728130752563474
call,650.0,0.36712328767123287,134,2026-12-18,138.7,142.01,140.355,17,3458,0.3416661293029785
call,655.0,0.36712328767123287,134,2026-12-18,133.19,136.71,134.95,2,1083,0.32968809967041013
call,660.0,0.36712328767123287,134,2026-12-18,128.61,132.11,130.36,1,1428,0.3234625759887695
call,665.0,0.36712328767123287,134,2026-12-18,124.86,128.01,126.435,1,1641,0.3210364527893066
call,670.0,0.36712328767123287,134,2026-12-18,119.45,122.88,121.16499999999999,11,2356,0.3104317004394531
call,675.0,0.36712328767123287,134,2026-12-18,114.92,118.35,116.63499999999999,1,4400,0.30438928039550783
call,680.0,0.36712328767123287,134,2026-12-18,111.21,114.41,112.81,8,4771,0.3025429853820801
call,685.0,0.36712328767123287,134,2026-12-18,106.74,109.94,108.34,4,2877,0.2965463412475585
call,690.0,0.36712328767123287,134,2026-12-18,102.37,105.57,103.97,11,3520,0.29109900802612293
call,695.0,0.36712328767123287,134,2026-12-18,97.18,100.49,98.83500000000001,11,2180,0.2805858074951171
call,700.0,0.36712328767123287,134,2026-12-18,93.5,95.59,94.545,1,9812,0.27127803924560545
call,705.0,0.36712328767123287,134,2026-12-18,89.04,91.06,90.05000000000001,1,3459,0.26436587692260743
call,710.0,0.36712328767123287,134,2026-12-18,84.42,87.86,86.14,32,6934,0.2659069992065429
call,715.0,0.36712328767123287,134,2026-12-18,80.44,82.43,81.435,15,2533,0.2527998304748535
call,720.0,0.36712328767123287,134,2026-12-18,75.99,79.37,77.68,19,4135,0.254463021850586
call,725.0,0.36712328767123287,134,2026-12-18,71.38,73.6,72.49,27,3113,0.23909757492065425
call,730.0,0.36712328767123287,134,2026-12-18,67.87,69.85,68.86,1,8294,0.23590851989746092
call,735.0,0.36712328767123287,134,2026-12-18,63.82,65.82,64.82,8,4050,0.23068243690490722
call,740.0,0.36712328767123287,134,2026-12-18,59.37,62.47,60.92,11,6666,0.22905739212036136
call,745.0,0.36712328767123287,134,2026-12-18,55.22,58.59,56.905,7,5650,0.22397626617431637
call,750.0,0.36712328767123287,134,2026-12-18,53.03,54.8,53.915,8,26921,0.21903246795654296
call,755.0,0.36712328767123287,134,2026-12-18,48.05,50.87,49.459999999999994,3,4844,0.21292138404846192
call,760.0,0.36712328767123287,134,2026-12-18,44.83,46.84,45.835,119,8709,0.20589478195190425
call,765.0,0.36712328767123287,134,2026-12-18,41.34,43.36,42.35,5,5984,0.20140874282836913
call,770.0,0.36712328767123287,134,2026-12-18,37.72,39.71,38.715,405,10558,0.19554942642211914
call,775.0,0.36712328767123287,134,2026-12-18,36.3,36.64,36.47,23,8579,0.19226119026184083
call,780.0,0.36712328767123287,134,2026-12-18,33.44,33.54,33.489999999999995,9,24247,0.18825579818725585
call,785.0,0.36712328767123287,134,2026-12-18,30.43,30.52,30.475,11,13419,0.1840978197479248
call,790.0,0.36712328767123287,134,2026-12-18,27.44,27.54,27.490000000000002,7,12247,0.1795278581237793
call,795.0,0.36712328767123287,134,2026-12-18,24.96,25.07,25.015,1,8690,0.17704070037841796
call,800.0,0.36712328767123287,134,2026-12-18,22.61,22.71,22.66,27,19636,0.17449250808715822
call,805.0,0.36712328767123287,134,2026-12-18,20.33,20.43,20.38,15,11274,0.1716925482940674
call,810.0,0.36712328767123287,134,2026-12-18,18.26,18.33,18.295,3,8551,0.16919776123046876
call,815.0,0.36712328767123287,134,2026-12-18,16.29,16.35,16.32,2,11778,0.16664956893920901
call,820.0,0.36712328767123287,134,2026-12-18,14.48,14.56,14.52,9,13083,0.16448284255981444
call,825.0,0.36712328767123287,134,2026-12-18,12.86,12.95,12.905,101,13345,0.16265180618286135
call,830.0,0.36712328767123287,134,2026-12-18,11.35,11.42,11.385,3,10878,0.16057663162231445
call,835.0,0.36712328767123287,134,2026-12-18,9.97,10.04,10.004999999999999,1,8732,0.15869981933593752
call,840.0,0.36712328767123287,134,2026-12-18,8.59,8.65,8.620000000000001,2,5668,0.15592274749755858
call,845.0,0.36712328767123287,134,2026-12-18,7.67,7.74,7.705,1,4259,0.15584645431518557
call,850.0,0.36712328767123287,134,2026-12-18,6.77,6.84,6.805,27,12120,0.15520559158325198
call,855.0,0.36712328767123287,134,2026-12-18,5.88,5.95,5.915,88,3710,0.15393912475585939
call,860.0,0.36712328767123287,134,2026-12-18,5.14,5.19,5.165,1,5219,0.15303886520385745
call,865.0,0.36712328767123287,134,2026-12-18,4.29,4.35,4.32,1,856,0.15058222473144534
call,870.0,0.36712328767123287,134,2026-12-18,3.82,3.88,3.8499999999999996,151,2286,0.15108575973510746
call,875.0,0.36712328767123287,134,2026-12-18,3.35,3.4,3.375,305,3772,0.15091791473388677
call,880.0,0.36712328767123287,134,2026-12-18,2.86,2.91,2.885,1,3119,0.14997187927246097
call,885.0,0.36712328767123287,134,2026-12-18,2.49,2.54,2.515,256,2939,0.14991084472656252
call,890.0,0.36712328767123287,134,2026-12-18,2.14,2.19,2.165,400,2003,0.14948360290527346
call,895.0,0.36712328767123287,134,2026-12-18,1.8,1.84,1.82,195,841,0.14838498107910159
call,900.0,0.36712328767123287,134,2026-12-18,1.61,1.66,1.635,100,7163,0.14957515472412108
call,905.0,0.36712328767123287,134,2026-12-18,1.35,1.4,1.375,6,2050,0.14878170562744142
call,910.0,0.36712328767123287,134,2026-12-18,1.21,1.25,1.23,2,3975,0.14972774108886722
call,915.0,0.36712328767123287,134,2026-12-18,1.03,1.06,1.045,8,1416,0.1492394647216797
call,920.0,0.36712328767123287,134,2026-12-18,0.92,0.95,0.935,1,673,0.15027705200195315
call,925.0,0.36712328767123287,134,2026-12-18,0.82,0.85,0.835,8,1142,0.15125360473632815
call,930.0,0.36712328767123287,134,2026-12-18,0.73,0.76,0.745,7,93,0.15223015747070315
call,935.0,0.36712328767123287,134,2026-12-18,0.65,0.68,0.665,7,1997,0.15314567565917972
call,940.0,0.36712328767123287,134,2026-12-18,0.56,0.59,0.575,14,375,0.15338981384277345
call,945.0,0.36712328767123287,134,2026-12-18,0.51,0.53,0.52,45,39,0.1544274011230469
call,950.0,0.36712328767123287,134,2026-12-18,0.46,0.48,0.47,10,981,0.15564809204101562
call,955.0,0.36712328767123287,134,2026-12-18,0.4,0.43,0.41500000000000004,40,89,0.15650257568359377
call,960.0,0.36712328767123287,134,2026-12-18,0.36,0.39,0.375,7,941,0.1577232666015625
call,965.0,0.36712328767123287,134,2026-12-18,0.33,0.36,0.345,1,549,0.15931016479492188
call,970.0,0.36712328767123287,134,2026-12-18,0.3,0.32,0.31,4,1007,0.15992051025390625
call,975.0,0.36712328767123287,134,2026-12-18,0.27,0.29,0.28,2,1025,0.16101913208007812
call,980.0,0.36712328767123287,134,2026-12-18,0.24,0.27,0.255,2,1302,0.16272809936523439
call,985.0,0.36712328767123287,134,2026-12-18,0.22,0.25,0.235,1,419,0.1641929284667969
call,990.0,0.36712328767123287,134,2026-12-18,0.2,0.23,0.21500000000000002,7,866,0.16553568847656253
call,995.0,0.36712328767123287,134,2026-12-18,0.19,0.21,0.2,202,1729,0.16663431030273443
call,1000.0,0.36712328767123287,134,2026-12-18,0.18,0.19,0.185,13,2372,0.16748879394531252
put,150.0,0.36712328767123287,134,2026-12-18,0.03,0.06,0.045,202,29832,0.8652357226562499
put,200.0,0.36712328767123287,134,2026-12-18,0.09,0.11,0.1,290,31904,0.7675804492187501
put,210.0,0.36712328767123287,134,2026-12-18,0.1,0.12,0.11,57,1268,0.747072841796875
put,220.0,0.36712328767123287,134,2026-12-18,0.11,0.13,0.12,6,2402,0.727541787109375
put,230.0,0.36712328767123287,134,2026-12-18,0.13,0.15,0.14,1,8240,0.7128934960937501
put,240.0,0.36712328767123287,134,2026-12-18,0.15,0.16,0.155,21,48829,0.6953155468750001
put,245.0,0.36712328767123287,134,2026-12-18,0.15,0.17,0.16,1,312,0.6860382958984376
put,250.0,0.36712328767123287,134,2026-12-18,0.16,0.18,0.16999999999999998,2,5127,0.6787141503906251
put,255.0,0.36712328767123287,134,2026-12-18,0.17,0.19,0.18,2,1451,0.6709017285156251
put,260.0,0.36712328767123287,134,2026-12-18,0.18,0.2,0.19,2,5227,0.6635775830078127
put,265.0,0.36712328767123287,134,2026-12-18,0.19,0.21,0.2,1,224,0.6557651611328126
put,270.0,0.36712328767123287,134,2026-12-18,0.2,0.22,0.21000000000000002,1,578,0.648441015625
put,275.0,0.36712328767123287,134,2026-12-18,0.21,0.23,0.22,1,5491,0.64062859375
put,280.0,0.36712328767123287,134,2026-12-18,0.22,0.24,0.22999999999999998,1,4864,0.632816171875
put,285.0,0.36712328767123287,134,2026-12-18,0.23,0.25,0.24,1,306,0.6250037500000001
put,290.0,0.36712328767123287,134,2026-12-18,0.25,0.27,0.26,501,14448,0.6201209863281252
put,295.0,0.36712328767123287,134,2026-12-18,0.26,0.28,0.27,1,2358,0.6127968408203126
put,300.0,0.36712328767123287,134,2026-12-18,0.27,0.29,0.28,2,8033,0.6049844189453126
put,305.0,0.36712328767123287,134,2026-12-18,0.29,0.31,0.3,1,378,0.5996133789062501
put,310.0,0.36712328767123287,134,2026-12-18,0.3,0.32,0.31,2,2073,0.5918009570312501
put,315.0,0.36712328767123287,134,2026-12-18,0.31,0.33,0.32,40,804,0.5839885351562499
put,320.0,0.36712328767123287,134,2026-12-18,0.33,0.35,0.33999999999999997,10,1470,0.5786174951171875
put,325.0,0.36712328767123287,134,2026-12-18,0.34,0.36,0.35,10,3177,0.5708050732421875
put,330.0,0.36712328767123287,134,2026-12-18,0.36,0.38,0.37,1,972,0.5649457568359376
put,335.0,0.36712328767123287,134,2026-12-18,0.38,0.4,0.39,10,236,0.5590864404296876
put,340.0,0.36712328767123287,134,2026-12-18,0.4,0.42,0.41000000000000003,5,2174,0.5532271240234375
put,345.0,0.36712328767123287,134,2026-12-18,0.41,0.43,0.42,1040,1438,0.5456588403320313
put,350.0,0.36712328767123287,134,2026-12-18,0.43,0.45,0.44,60,6790,0.5395553857421876
put,355.0,0.36712328767123287,134,2026-12-18,0.45,0.47,0.45999999999999996,2,1329,0.5336960693359375
put,360.0,0.36712328767123287,134,2026-12-18,0.47,0.49,0.48,19,3507,0.5273484765625001
put,365.0,0.36712328767123287,134,2026-12-18,0.49,0.51,0.5,1,1913,0.5212450219726561
put,370.0,0.36712328767123287,134,2026-12-18,0.51,0.53,0.52,1,2857,0.5151415673828125
put,375.0,0.36712328767123287,134,2026-12-18,0.53,0.55,0.54,13,7748,0.508793974609375
put,380.0,0.36712328767123287,134,2026-12-18,0.55,0.57,0.56,220,1829,0.5026905200195313
put,385.0,0.36712328767123287,134,2026-12-18,0.58,0.6,0.59,104,3306,0.4985401708984375
put,390.0,0.36712328767123287,134,2026-12-18,0.59,0.61,0.6,250,4892,0.49121602539062503
put,395.0,0.36712328767123287,134,2026-12-18,0.62,0.64,0.63,5,7746,0.4858449853515625
put,400.0,0.36712328767123287,134,2026-12-18,0.64,0.66,0.65,3,28793,0.47949739257812496
put,405.0,0.36712328767123287,134,2026-12-18,0.67,0.69,0.6799999999999999,1,1253,0.47412635253906255
put,410.0,0.36712328767123287,134,2026-12-18,0.7,0.72,0.71,1,16376,0.4686332434082031
put,415.0,0.36712328767123287,134,2026-12-18,0.72,0.74,0.73,3,5039,0.4622856506347657
put,420.0,0.36712328767123287,134,2026-12-18,0.75,0.77,0.76,8,4473,0.4567925415039063
put,425.0,0.36712328767123287,134,2026-12-18,0.79,0.81,0.8,2,7752,0.4519097778320313
put,430.0,0.36712328767123287,134,2026-12-18,0.83,0.84,0.835,14,2534,0.446294599609375
put,435.0,0.36712328767123287,134,2026-12-18,0.86,0.87,0.865,2,1152,0.4405573522949219
put,440.0,0.36712328767123287,134,2026-12-18,0.88,0.9,0.89,8,744,0.4348201049804688
put,445.0,0.36712328767123287,134,2026-12-18,0.92,0.94,0.9299999999999999,4,1805,0.42969320312500003
put,450.0,0.36712328767123287,134,2026-12-18,0.97,0.99,0.98,4,17380,0.42517664672851563
put,455.0,0.36712328767123287,134,2026-12-18,1.01,1.02,1.0150000000000001,5,903,0.4193173303222656
put,460.0,0.36712328767123287,134,2026-12-18,1.05,1.06,1.0550000000000002,5,2844,0.41394629028320307
put,465.0,0.36712328767123287,134,2026-12-18,1.09,1.11,1.1,2,1194,0.40918559570312496
put,470.0,0.36712328767123287,134,2026-12-18,1.14,1.15,1.145,29,6433,0.40381455566406255
put,475.0,0.36712328767123287,134,2026-12-18,1.18,1.19,1.185,4,4530,0.3983214465332031
put,480.0,0.36712328767123287,134,2026-12-18,1.22,1.25,1.2349999999999999,20,11097,0.39386592468261716
put,485.0,0.36712328767123287,134,2026-12-18,1.28,1.3,1.29,4,3678,0.3888000573730469
put,490.0,0.36712328767123287,134,2026-12-18,1.34,1.35,1.3450000000000002,2,4884,0.3836121209716796
put,495.0,0.36712328767123287,134,2026-12-18,1.38,1.41,1.395,2,1803,0.3788514263916015
put,500.0,0.36712328767123287,134,2026-12-18,1.45,1.47,1.46,109,17381,0.37402969726562496
put,505.0,0.36712328767123287,134,2026-12-18,1.51,1.54,1.525,6,1501,0.3695131408691406
put,510.0,0.36712328767123287,134,2026-12-18,1.57,1.6,1.585,36,3794,0.3644472735595704
put,515.0,0.36712328767123287,134,2026-12-18,1.64,1.67,1.6549999999999998,11,3587,0.3597476135253906
put,520.0,0.36712328767123287,134,2026-12-18,1.7,1.73,1.7149999999999999,56,11690,0.35455967712402336
put,525.0,0.36712328767123287,134,2026-12-18,1.78,1.8,1.79,61,4632,0.3497379479980468
put,530.0,0.36712328767123287,134,2026-12-18,1.86,1.88,1.87,26,5822,0.3450993225097656
put,535.0,0.36712328767123287,134,2026-12-18,1.94,1.97,1.955,5,3184,0.3407048352050781
put,540.0,0.36712328767123287,134,2026-12-18,2.03,2.06,2.045,178,4692,0.33618827880859375
put,545.0,0.36712328767123287,134,2026-12-18,2.11,2.14,2.125,1,5167,0.33124448059082034
put,550.0,0.36712328767123287,134,2026-12-18,2.21,2.23,2.2199999999999998,2,14593,0.3265448205566406
put,555.0,0.36712328767123287,134,2026-12-18,2.3,2.34,2.32,3,6056,0.32227240234374993
put,560.0,0.36712328767123287,134,2026-12-18,2.42,2.45,2.435,2,7452,0.3178779150390625
put,565.0,0.36712328767123287,134,2026-12-18,2.51,2.54,2.525,1,2489,0.31287308227539057
put,570.0,0.36712328767123287,134,2026-12-18,2.63,2.67,2.65,3,4713,0.3087227331542969
put,575.0,0.36712328767123287,134,2026-12-18,2.75,2.79,2.77,38,6152,0.3042061767578125
put,580.0,0.36712328767123287,134,2026-12-18,2.88,2.91,2.895,12,6429,0.2995675512695312
put,585.0,0.36712328767123287,134,2026-12-18,3.02,3.05,3.035,3,5596,0.29529513305664057
put,590.0,0.36712328767123287,134,2026-12-18,3.15,3.19,3.17,179,10585,0.2908396112060546
put,595.0,0.36712328767123287,134,2026-12-18,3.31,3.35,3.33,18,3472,0.2866282275390625
put,600.0,0.36712328767123287,134,2026-12-18,3.46,3.51,3.485,178,23759,0.2822947747802734
put,605.0,0.36712328767123287,134,2026-12-18,3.65,3.69,3.67,17,9027,0.27817494293212885
put,610.0,0.36712328767123287,134,2026-12-18,3.81,3.85,3.83,94,8105,0.27353631744384765
put,615.0,0.36712328767123287,134,2026-12-18,4.02,4.06,4.039999999999999,29,6285,0.26959958923339844
put,620.0,0.36712328767123287,134,2026-12-18,4.2,4.25,4.225,1036,16482,0.2651745846557617
put,625.0,0.36712328767123287,134,2026-12-18,4.42,4.47,4.445,800,24104,0.2610242355346679
put,630.0,0.36712328767123287,134,2026-12-18,4.66,4.71,4.6850000000000005,56,12899,0.25699595550537113
put,635.0,0.36712328767123287,134,2026-12-18,4.89,4.94,4.915,26,5468,0.2526625027465821
put,640.0,0.36712328767123287,134,2026-12-18,5.17,5.22,5.195,56,11071,0.24878680908203127
put,645.0,0.36712328767123287,134,2026-12-18,5.42,5.47,5.445,112,8271,0.24434654586791993
put,650.0,0.36712328767123287,134,2026-12-18,5.73,5.78,5.755000000000001,1,11622,0.2404555935668945
put,655.0,0.36712328767123287,134,2026-12-18,6.01,6.07,6.04,36,5053,0.23609162353515623
put,660.0,0.36712328767123287,134,2026-12-18,6.34,6.4,6.37,12,131102,0.23200230895996093
put,665.0,0.36712328767123287,134,2026-12-18,6.69,6.75,6.720000000000001,3,8247,0.22789773574829103
put,670.0,0.36712328767123287,134,2026-12-18,7.07,7.13,7.1,6,13876,0.22386945571899408
put,675.0,0.36712328767123287,134,2026-12-18,7.44,7.5,7.470000000000001,104,8106,0.21952074432373048
put,680.0,0.36712328767123287,134,2026-12-18,7.85,7.92,7.885,4,11295,0.21540091247558596
put,685.0,0.36712328767123287,134,2026-12-18,8.33,8.39,8.36,1,5946,0.2114794429016113
put,690.0,0.36712328767123287,134,2026-12-18,8.82,8.88,8.850000000000001,3,9642,0.20746642150878902
put,695.0,0.36712328767123287,134,2026-12-18,9.26,9.32,9.29,208,10761,0.20275150283813476
put,700.0,0.36712328767123287,134,2026-12-18,9.8,9.86,9.83,905,22279,0.1985858950805664
put,705.0,0.36712328767123287,134,2026-12-18,10.39,10.46,10.425,21,2760,0.19460339096069335
put,710.0,0.36712328767123287,134,2026-12-18,10.98,11.05,11.015,390,16291,0.1902089036560059
put,715.0,0.36712328767123287,134,2026-12-18,11.64,11.71,11.675,1,5144,0.18601277862548826
put,720.0,0.36712328767123287,134,2026-12-18,12.39,12.46,12.425,3,5245,0.18209130905151366
put,725.0,0.36712328767123287,134,2026-12-18,13.14,13.22,13.18,265,2741,0.17786466674804688
put,730.0,0.36712328767123287,134,2026-12-18,13.99,14.07,14.030000000000001,4,11222,0.17383638671875
put,735.0,0.36712328767123287,134,2026-12-18,14.91,14.99,14.95,35,9419,0.16982336532592773
put,740.0,0.36712328767123287,134,2026-12-18,15.9,15.98,15.940000000000001,86,14050,0.1657950852966309
put,745.0,0.36712328767123287,134,2026-12-18,16.98,17.06,17.02,156,5378,0.1618202104949951
put,750.0,0.36712328767123287,134,2026-12-18,18.16,18.24,18.2,3,5965,0.1579216288757324
put,755.0,0.36712328767123287,134,2026-12-18,19.66,19.76,19.71,62,4252,0.15538869522094728
put,760.0,0.36712328767123287,134,2026-12-18,20.83,20.94,20.884999999999998,119,12844,0.1503533451843262
put,765.0,0.36712328767123287,134,2026-12-18,22.29,22.38,22.335,6,5003,0.14614959083557125
put,770.0,0.36712328767123287,134,2026-12-18,24.13,24.21,24.17,93,4544,0.1433648896789551
put,775.0,0.36712328767123287,134,2026-12-18,25.85,25.97,25.91,5,1675,0.1394891960144043
put,780.0,0.36712328767123287,134,2026-12-18,27.71,27.81,27.759999999999998,23,10323,0.13525492439270023
put,785.0,0.36712328767123287,134,2026-12-18,29.96,30.09,30.025,6,722,0.13253125778198244
put,790.0,0.36712328767123287,134,2026-12-18,32.18,32.29,32.235,4,1131,0.12850297775268554
put,795.0,0.36712328767123287,134,2026-12-18,34.66,34.79,34.724999999999994,5,335,0.12513081909179688
put,800.0,0.36712328767123287,134,2026-12-18,37.17,37.5,37.335,28,347,0.1219112467956543
put,805.0,0.36712328767123287,134,2026-12-18,40.54,41.0,40.769999999999996,6,19,0.12223167816162112
put,810.0,0.36712328767123287,134,2026-12-18,43.25,43.58,43.415,1,6,0.11600615447998047
put,815.0,0.36712328767123287,134,2026-12-18,45.77,47.34,46.55500000000001,10,5,0.1159146026611328
put,820.0,0.36712328767123287,134,2026-12-18,49.78,51.79,50.785,1,2,0.11968348587036132
put,825.0,0.36712328767123287,134,2026-12-18,81.68,81.68,81.68,2,0,1.0000000000000003e-05
put,830.0,0.36712328767123287,134,2026-12-18,55.79,59.21,57.5,1,0,0.11422089401245117
put,835.0,0.36712328767123287,134,2026-12-18,60.41,63.85,62.129999999999995,1,0,0.1175320181274414
put,840.0,0.36712328767123287,134,2026-12-18,88.26,91.55,89.905,4,0,0.27172816902160646
put,850.0,0.36712328767123287,134,2026-12-18,73.46,76.78,75.12,3,4,0.11408356628417969
put,855.0,0.36712328767123287,134,2026-12-18,79.0,81.49,80.245,1,0,0.11568572311401368
put,860.0,0.36712328767123287,134,2026-12-18,106.48,109.73,108.105,1,0,0.2925256905364989
put,865.0,0.36712328767123287,134,2026-12-18,113.4,113.4,113.4,0,0,1.0000000000000003e-05
put,870.0,0.36712328767123287,134,2026-12-18,186.55,190.43,188.49,0,0,0.6853898038482666
put,875.0,0.36712328767123287,134,2026-12-18,277.0,281.86,279.43,0,0,1.1507153060150144
put,880.0,0.36712328767123287,134,2026-12-18,102.34,105.72,104.03,0,0,0.12787737365722657
put,900.0,0.36712328767123287,134,2026-12-18,121.93,125.04,123.48500000000001,2,0,0.12934220275878905
put,910.0,0.36712328767123287,134,2026-12-18,242.52,247.5,245.01,1,0,0.8364731929016112
put,925.0,0.36712328767123287,134,2026-12-18,230.21,235.46,232.835,0,0,0.7136335399627686
put,930.0,0.36712328767123287,134,2026-12-18,176.39,179.69,178.04,1,0,0.3870300555419921
put,935.0,0.36712328767123287,134,2026-12-18,241.25,245.25,243.25,1,0,0.7300899794006348
put,1000.0,0.36712328767123287,134,2026-12-18,253.56,256.97,255.26500000000001,5,0,0.5045215563964844
